Link,Titolo,Categoria,Data_pubblicazione,Timestamp dello scraping
https://nova.ilsole24ore.com/infodata/il-covid-19-e-la-seconda-ondata-dellinfodemia-diffidate-di-chi-usa-i-numeri-assoluti/,Il Covid-19 e la seconda ondata (dell'infodemia): diffidate di chi usa i numeri assoluti,CREATIVITÀ,12 ore fa,"10/06/2020, 12:34:29"
https://nova.ilsole24ore.com/infodata/elezioni-usa-gli-effetti-della-sorpresa-di-ottobre/,"Elezioni Usa, gli effetti della sorpresa di ottobre",CREATIVITÀ,05/10/2020,"10/06/2020, 12:34:29"
https://nova.ilsole24ore.com/infodata/acqua-alta-a-venezia-tutti-gli-eventi-eccezionali-dal-1875-il-mose-funziona/,"Acqua alta a Venezia, tutti gli eventi eccezionali dal 1875. Il Mose funziona",CREATIVITÀ,05/10/2020,"10/06/2020, 12:34:30"
https://nova.ilsole24ore.com/infodata/come-si-misura-la-sostenibilita-di-un-investimento-green-e-digitale/,Come si misura la sostenibilità di un investimento green e digitale?,CREATIVITÀ,05/10/2020,"10/06/2020, 12:34:30"
https://nova.ilsole24ore.com/infodata/il-reddito-di-base-universale-dal-1960-a-oggi-in-una-infografica/,Il reddito di base universale dal 1960 a oggi in una infografica,CREATIVITÀ,04/10/2020,"10/06/2020, 12:34:30"
https://nova.ilsole24ore.com/infodata/finals-nba-lakers-conducono-2-0-miami-ancora-ko/,"Finals Nba: Lakers conducono 2-0, Miami ancora ko",CREATIVITÀ,04/10/2020,"10/06/2020, 12:34:30"
https://nova.ilsole24ore.com/infodata/tre-quindicenni-su-quattro-dichiarano-di-essere-tutto-sommato-soddisfatti-della-propria-vita/,Tre quindicenni su quattro dichiarano di essere tutto sommato soddisfatti della propria vita,CREATIVITÀ,04/10/2020,"10/06/2020, 12:34:31"
https://nova.ilsole24ore.com/infodata/tre-numeri-sul-fenomeno-dei-monopattini-elettrici-2/,Tre numeri sul fenomeno dei monopattini elettrici,CREATIVITÀ,04/10/2020,"10/06/2020, 12:34:31"
https://nova.ilsole24ore.com/infodata/biodiversita-mancati-tutti-gli-obiettivi-ll-living-planet-index-spiegato-bene/,"Biodiversità, mancati tutti gli obiettivi. ll Living Planet Index spiegato bene",CREATIVITÀ,03/10/2020,"10/06/2020, 12:34:31"
https://nova.ilsole24ore.com/infodata/cosa-accade-in-un-minuto-su-internet-le-novita-del-lockdown/,Cosa accade in un minuto su internet. Le novità del lockdown,CREATIVITÀ,03/10/2020,"10/06/2020, 12:34:31"
https://nova.ilsole24ore.com/infodata/biglietti-visitatore-e-digitale-come-si-misura-la-cultura-parliamo-di-musei/,"Biglietti, visitatore e digitale: come si misura la cultura? Parliamo di musei",CREATIVITÀ,03/10/2020,"10/06/2020, 12:34:31"
https://nova.ilsole24ore.com/infodata/come-si-misura-la-vecchiaia-nel-tempo/,Come si misura la vecchiaia (nel tempo)?,CREATIVITÀ,03/10/2020,"10/06/2020, 12:34:32"
https://nova.ilsole24ore.com/infodata/come-si-misurano-i-musei-scopri-i-numeri-e-la-mappa-degli-itinerari/,Come si misurano i musei? Scopri i numeri e la mappa degli itinerari,CREATIVITÀ,02/10/2020,"10/06/2020, 12:34:32"
https://nova.ilsole24ore.com/infodata/tre-numeri-sul-fenomeno-dei-monopattini-elettrici/,Tre numeri sul fenomeno dei monopattini elettrici,CREATIVITÀ,02/10/2020,"10/06/2020, 12:34:32"
https://nova.ilsole24ore.com/infodata/biodiversita-cattive-notizie-il-25-delle-specie-animali-e-vegetali-a-rischio-estinzione-ll-living-planet-index-spiegato-bene/,"Biodiversità, cattive notizie: il 25% delle specie animali e vegetali a rischio estinzione. ll Living Planet Index spiegato bene",CREATIVITÀ,01/10/2020,"10/06/2020, 12:34:32"
https://nova.ilsole24ore.com/infodata/come-stanno-i-quindicenni-di-oggi-vivere-in-una-nazione-ricca-non-e-garanzia-di-maggior-felicita/,Come stanno i quindicenni di oggi? Vivere in una nazione ricca non è garanzia di maggior felicità,CREATIVITÀ,01/10/2020,"10/06/2020, 12:34:33"
https://nova.ilsole24ore.com/infodata/cosa-accade-in-un-minuto-su-internet-un-grande-classico-le-novita-del-lockdown/,Cosa accade in un minuto su internet. Un grande classico. Le novità del lockdown,CREATIVITÀ,30/09/2020,"10/06/2020, 12:34:33"
https://nova.ilsole24ore.com/infodata/finali-di-nba-los-angeles-lakers-contro-miami-heat-chi-vincera-le-previsioni/,"Finali di Nba, Los Angeles Lakers contro Miami Heat: chi vincerà? Le previsioni",CREATIVITÀ,30/09/2020,"10/06/2020, 12:34:33"
https://nova.ilsole24ore.com/infodata/il-reddito-di-base-univerale-o-di-cittadinanza-dal-1960-a-oggi-in-una-infografica/,Il reddito di base univerale o di cittadinanza dal 1960 a oggi in una infografica,CREATIVITÀ,29/09/2020,"10/06/2020, 12:34:33"
https://nova.ilsole24ore.com/infodata/scuola-scopri-quanto-sono-vecchi-gli-insegnanti-di-tuo-figlio/,"Scuola, scopri quanto sono vecchi gli insegnanti di tuo figlio",CREATIVITÀ,29/09/2020,"10/06/2020, 12:34:33"
https://nova.ilsole24ore.com/infodata/a-proposito-di-dati-cosi-google-maps-diventa-anche-mappa-dei-casi-di-coronavirus/,A proposito di dati: così Google Maps diventa anche mappa dei casi di coronavirus,CREATIVITÀ,28/09/2020,"10/06/2020, 12:34:34"
https://nova.ilsole24ore.com/infodata/elezioni-usa-ora-biden-e-favorito-in-attesa-dei-dibattiti-in-tv/,"Elezioni Usa, ora Biden è favorito. In attesa dei dibattiti in tv",CREATIVITÀ,28/09/2020,"10/06/2020, 12:34:34"
https://nova.ilsole24ore.com/infodata/quando-una-persona-puo-essere-definita-anziana%e2%80%89ecco-come-si-misura-la-vecchiaia-nel-tempo/,Quando una persona può essere definita anziana? Ecco come si misura la vecchiaia (nel tempo),CREATIVITÀ,28/09/2020,"10/06/2020, 12:34:34"
https://nova.ilsole24ore.com/infodata/a-proposito-di-dati-le-mappe-catastali-piu-aperte-e-accessibili-basta-citare-la-fonte-2/,A proposito di dati: le mappe catastali più aperte e accessibili. Basta citare la fonte,CREATIVITÀ,27/09/2020,"10/06/2020, 12:34:34"
https://nova.ilsole24ore.com/infodata/turismo-e-pandemia-che-fine-hanno-fatto-canadesi-russi-e-statunitensi/,"Turismo e pandemia, che fine hanno fatto canadesi, russi e statunitensi?",CREATIVITÀ,27/09/2020,"10/06/2020, 12:34:35"
https://nova.ilsole24ore.com/infodata/le-paure-nellera-post-pandemia-il-clima-ci-spaventa-almeno-quanto-il-covid-19/,Le paure nell'era post-pandemia: il clima ci spaventa almeno quanto il Covid-19,CREATIVITÀ,27/09/2020,"10/06/2020, 12:34:35"
https://nova.ilsole24ore.com/infodata/boom-di-notifiche-con-la-riapertura-della-scuola-i-nuovi-numeri-di-immuni/,Boom di notifiche con la riapertura della scuola. I nuovi numeri di Immuni,CREATIVITÀ,27/09/2020,"10/06/2020, 12:34:35"
https://nova.ilsole24ore.com/infodata/a-proposito-di-dati-dopo-trenta-giorni-google-drive-cancella-i-file-nel-cestino-2/,A proposito di dati: dopo trenta giorni Google Drive cancella i file nel cestino,CREATIVITÀ,27/09/2020,"10/06/2020, 12:34:35"
https://nova.ilsole24ore.com/infodata/regionali-il-pd-festeggia-dopo-le-elezioni-ecco-cosa-suggeriscono-i-numeri/,"Regionali, il Pd festeggia dopo le elezioni. Ecco cosa suggeriscono i numeri",CREATIVITÀ,26/09/2020,"10/06/2020, 12:34:36"
https://nova.ilsole24ore.com/infodata/fiducia-nei-vaccini-cala-dove-ce-instabilita-politica-ed-estremismo-religioso-lo-studio/,Fiducia nei vaccini? Cala dove c'è instabilità politica ed estremismo religioso. Lo studio,CREATIVITÀ,26/09/2020,"10/06/2020, 12:34:36"
https://nova.ilsole24ore.com/infodata/uno-studente-su-tre-ritiene-che-sarebbe-utile-continuare-a-usare-la-didattica-a-distanza/,Uno studente su tre ritiene che sarebbe utile continuare a usare la didattica a distanza,CREATIVITÀ,26/09/2020,"10/06/2020, 12:34:36"
https://nova.ilsole24ore.com/infodata/che-fine-ha-fatto-il-riscaldamento-climatico-scopri-il-mondo-post-covid-19/,Che fine ha fatto il riscaldamento climatico? Scopri il mondo post Covid-19,CREATIVITÀ,26/09/2020,"10/06/2020, 12:34:36"
https://nova.ilsole24ore.com/infodata/immuni-a-quota-64-milioni-di-download-boom-di-notifiche-con-la-riapertura-della-scuola/,"Immuni a quota 6,4 milioni di download. Boom di notifiche con la riapertura della scuola",CREATIVITÀ,25/09/2020,"10/06/2020, 12:34:36"
https://nova.ilsole24ore.com/infodata/a-proposito-di-dati-le-mappe-catastali-piu-aperte-e-accessibili-basta-citare-la-fonte/,A proposito di dati: le mappe catastali più aperte e accessibili. Basta citare la fonte,CREATIVITÀ,25/09/2020,"10/06/2020, 12:34:37"
https://nova.ilsole24ore.com/infodata/sorpresa-il-clima-ci-spaventa-almeno-quanto-il-covid-19-la-paure-globali/,Sorpresa: il clima ci spaventa almeno quanto il Covid-19. La paure globali,CREATIVITÀ,25/09/2020,"10/06/2020, 12:34:37"
https://nova.ilsole24ore.com/infodata/a-proposito-di-dati-dopo-trenta-giorni-google-drive-cancella-i-file-nel-cestino/,A proposito di dati: dopo trenta giorni Google Drive cancella i file nel cestino,CREATIVITÀ,24/09/2020,"10/06/2020, 12:34:37"
https://nova.ilsole24ore.com/infodata/referendum-il-segreto-del-successo-del-si-il-reddito-di-cittadinanza/,"Referendum, il segreto del successo del «Sì»? Il reddito di cittadinanza",CREATIVITÀ,24/09/2020,"10/06/2020, 12:34:37"
https://nova.ilsole24ore.com/infodata/fiducia-nei-vaccini-cala-dove-ce-instabilita-politica-ed-estremismo-religioso/,Fiducia nei vaccini? Cala dove c'è instabilità politica ed estremismo religioso,CREATIVITÀ,23/09/2020,"10/06/2020, 12:34:38"
https://nova.ilsole24ore.com/infodata/regionali-il-pd-festeggia-ma-i-numeri-dicono-che-non-e-il-caso/,"Regionali, il Pd festeggia. Ma i numeri dicono che non è il caso",CREATIVITÀ,23/09/2020,"10/06/2020, 12:34:38"
https://nova.ilsole24ore.com/infodata/turismo-che-fine-hanno-fatto-canadesi-russi-e-statunitensi/,"Turismo, che fine hanno fatto canadesi, russi e statunitensi?",CREATIVITÀ,22/09/2020,"10/06/2020, 12:34:38"
https://nova.ilsole24ore.com/infodata/dopo-omicidi-epatite-virale-e-morti-evitabili-ora-e-la-volta-dei-suicidi-la-mappa-europea/,"Dopo omicidi, epatite virale e morti evitabili ora è la volta dei suicidi. La mappa europea",CREATIVITÀ,22/09/2020,"10/06/2020, 12:34:38"
https://nova.ilsole24ore.com/infodata/emmys-o-pandemmys-tutti-i-numeri-di-una-edizione-storica-delloscar-della-tv/,Emmys o Pandemmys? Tutti i numeri di una edizione storica dell'oscar della Tv,CREATIVITÀ,21/09/2020,"10/06/2020, 12:34:39"
https://nova.ilsole24ore.com/infodata/gli-effetti-della-politica-estera-di-trump-sulle-elezioni-usa/,Gli effetti della politica estera di Trump sulle elezioni Usa,CREATIVITÀ,21/09/2020,"10/06/2020, 12:34:39"
https://nova.ilsole24ore.com/infodata/che-fine-ha-fatto-il-riscaldamento-climatico/,Che fine ha fatto il riscaldamento climatico?,CREATIVITÀ,21/09/2020,"10/06/2020, 12:34:39"
https://nova.ilsole24ore.com/infodata/playstation-5-xbox-series-x-e-trentanni-di-console-war/,"Playstation 5, Xbox Series X e trent'anni di console war",CREATIVITÀ,20/09/2020,"10/06/2020, 12:34:39"
https://nova.ilsole24ore.com/infodata/nasa-ed-esa-insieme-per-studiare-dallalto-le-biomasse-nasce-la-piu-grande-mappa-mondiale-delle-foreste/,Nasa ed Esa insieme per studiare dall'alto le biomasse. Nasce la più grande mappa mondiale delle foreste,CREATIVITÀ,20/09/2020,"10/06/2020, 12:34:40"
https://nova.ilsole24ore.com/infodata/tre-numeri-piu-uno-sul-campionato-di-serie-a-2/,Tre numeri (più uno) sul campionato di Serie A,CREATIVITÀ,20/09/2020,"10/06/2020, 12:34:40"
https://nova.ilsole24ore.com/infodata/in-italia-solo-un-italiano-su-due-ha-fatto-linfluenzale-e-in-europa/,In Italia solo un italiano su due ha fatto l'influenzale. E in Europa?,CREATIVITÀ,20/09/2020,"10/06/2020, 12:34:40"
https://nova.ilsole24ore.com/infodata/quanto-vale-tutta-la-ricchezza-del-mondo-pre-covid-19-887-trilioni-di-dollari/,"Quanto vale tutta la ricchezza del mondo (pre-Covid-19)? 88,7 trilioni di dollari",CREATIVITÀ,20/09/2020,"10/06/2020, 12:34:40"
https://nova.ilsole24ore.com/infodata/democrazia-rappresentativita-e-partiti-politici-litalia-e-il-referendum/,"Democrazia, rappresentatività e partiti politici. L'Italia e il referendum",CREATIVITÀ,19/09/2020,"10/06/2020, 12:34:41"
https://nova.ilsole24ore.com/infodata/quanto-ne-sai-sui-referendum-il-quiz-per-nerd-sulla-costituzione-4/,"Quanto ne sai sui referendum? Il quiz per ""nerd"" sulla Costituzione",CREATIVITÀ,19/09/2020,"10/06/2020, 12:34:41"
https://nova.ilsole24ore.com/infodata/tre-numeri-piu-uno-sul-campionato-di-serie-a/,Tre numeri (più uno) sul campionato di Serie A,CREATIVITÀ,19/09/2020,"10/06/2020, 12:34:41"
https://nova.ilsole24ore.com/infodata/la-matematica-dietro-le-mascherine-pensiero-critico-della-societa-data-driven-10/,La matematica dietro le mascherine. Pensiero critico della società data-driven (10),CREATIVITÀ,19/09/2020,"10/06/2020, 12:34:41"
https://nova.ilsole24ore.com/infodata/nasa-ed-esa-insieme-per-studiare-dallalto-le-biomasse-nascera-la-piu-grande-mappa-mondiale-delle-foreste/,Nasa ed Esa insieme per studiare dall'alto le biomasse. Nascerà la più grande mappa mondiale delle foreste,CREATIVITÀ,18/09/2020,"10/06/2020, 12:34:42"
https://nova.ilsole24ore.com/infodata/tre-numeri-piu-uno-sul-campionato-di-serie-a-che-comincia-domani/,Tre numeri (più uno) sul campionato di Serie A che comincia domani,CREATIVITÀ,18/09/2020,"10/06/2020, 12:34:42"
https://nova.ilsole24ore.com/infodata/democrazia-rappresentativita-e-partiti-politici-litalia-e-il-resto-del-mondo/,"Democrazia, rappresentatività e partiti politici. L'Italia e il resto del mondo",CREATIVITÀ,18/09/2020,"10/06/2020, 12:34:42"
https://nova.ilsole24ore.com/infodata/playstation-5-vs-xbox-series-x-trentanni-di-console-war-in-grafici-e-numeri/,Playstation 5 vs Xbox Series X. Trent'anni di console war in grafici e numeri,CREATIVITÀ,17/09/2020,"10/06/2020, 12:34:42"
https://nova.ilsole24ore.com/infodata/gli-anziani-e-lantinfluenzale-in-europa-solo-il-41-si-vaccina/,Gli anziani e l'antinfluenzale: in Europa solo il 41% si vaccina,CREATIVITÀ,17/09/2020,"10/06/2020, 12:34:43"
https://nova.ilsole24ore.com/infodata/tutta-la-ricchezza-del-mondo-pre-covid-19-in-una-infografica/,Tutta la ricchezza del mondo (pre-Covid-19) in una infografica,CREATIVITÀ,16/09/2020,"10/06/2020, 12:34:43"
https://nova.ilsole24ore.com/infodata/didattica-a-distanza-come-lhanno-vissuta-i-ragazzi-il-sondaggio-almalaurea/,Didattica a distanza: come l'hanno vissuta i ragazzi. Il sondaggio Almalaurea,CREATIVITÀ,16/09/2020,"10/06/2020, 12:34:43"
https://nova.ilsole24ore.com/infodata/fuga-dalla-citta-quanto-spazio-verde-ce-nelle-grandi-metropoli-europee-poco-ecco-il-green-city-index/,"Fuga dalla città. Quanto spazio verde c'è nelle grandi metropoli europee? Poco, ecco il Green City index",CREATIVITÀ,15/09/2020,"10/06/2020, 12:34:43"
https://nova.ilsole24ore.com/infodata/a-rischio-estinzione-un-milione-di-specie-animali-come-scompare-la-biodiversita-pixel-dopo-pixel/,A rischio estinzione un milione di specie animali. Come scompare la biodiversità pixel dopo pixel,CREATIVITÀ,15/09/2020,"10/06/2020, 12:34:44"
https://nova.ilsole24ore.com/infodata/elezioni-usa-il-poker-gli-incendi-i-libri-e-il-vantaggio-di-joe-biden/,"Elezioni Usa: il poker, gli incendi, i libri e il vantaggio di Joe Biden",CREATIVITÀ,14/09/2020,"10/06/2020, 12:34:44"
https://nova.ilsole24ore.com/infodata/la-matematica-dietro-le-mascherine-pensiero-critico-della-societa-data-driven/,La matematica dietro le mascherine. Pensiero critico della società data-driven,CREATIVITÀ,14/09/2020,"10/06/2020, 12:34:44"
https://nova.ilsole24ore.com/infodata/ansia-stress-e-paura-limpatto-della-pandemia-sui-genitori/,"Ansia, stress e paura: l'impatto della pandemia sui genitori",CREATIVITÀ,13/09/2020,"10/06/2020, 12:34:44"
https://nova.ilsole24ore.com/infodata/quanto-costano-gli-alcolici-in-italia-e-nel-resto-deuropa/,Quanto costano gli alcolici in Italia? E nel resto d'Europa?,CREATIVITÀ,13/09/2020,"10/06/2020, 12:34:45"
https://nova.ilsole24ore.com/infodata/scuola-tre-numeri-per-raccontare-finalmente-il-ritorno-sui-banchi/,"Scuola, tre numeri per raccontare (finalmente) il ritorno sui banchi",CREATIVITÀ,13/09/2020,"10/06/2020, 12:34:45"
https://nova.ilsole24ore.com/infodata/quanto-ne-sai-sui-referendum-il-quiz-per-nerd-sulla-costituzione-3/,"Quanto ne sai sui referendum? Il quiz per ""nerd"" sulla Costituzione",CREATIVITÀ,13/09/2020,"10/06/2020, 12:34:45"
https://nova.ilsole24ore.com/infodata/tre-numeri-per-raccontare-finalmente-il-ritorno-a-scuola/,Tre numeri per raccontare (finalmente) il ritorno a scuola,CREATIVITÀ,12/09/2020,"10/06/2020, 12:34:45"
https://nova.ilsole24ore.com/infodata/a-proposito-di-standard-chi-guida-a-sinistra-scopri-le-nazioni-che-vanno-al-contrario/,A proposito di standard: chi guida a sinistra? Scopri le nazioni che vanno al contrario,CREATIVITÀ,12/09/2020,"10/06/2020, 12:34:45"
https://nova.ilsole24ore.com/infodata/tre-numeri-per-spiegare-il-referendum-costituzionale-del-20-21-settembre/,Tre numeri per spiegare il referendum costituzionale del 20-21 settembre,CREATIVITÀ,12/09/2020,"10/06/2020, 12:34:46"
https://nova.ilsole24ore.com/infodata/morte-per-omicidio-la-mappa-europea-con-le-regioni-piu-pericolose/,"Morte per omicidio, la mappa europea con le regioni più pericolose",CREATIVITÀ,12/09/2020,"10/06/2020, 12:34:46"
https://nova.ilsole24ore.com/infodata/cinque-cose-che-ci-ha-insegnato-il-covid-19-sulle-disuguaglianze-in-numeri-e-grafici/,Cinque cose che ci ha insegnato il Covid-19 sulle disuguaglianze. In numeri e grafici,CREATIVITÀ,11/09/2020,"10/06/2020, 12:34:46"
https://nova.ilsole24ore.com/infodata/quanto-ne-sai-sui-referendum-il-quiz-per-nerd-sulla-costituzione-2/,"Quanto ne sai sui referendum? Il quiz per ""nerd"" sulla Costituzione",CREATIVITÀ,10/09/2020,"10/06/2020, 12:34:46"
https://nova.ilsole24ore.com/infodata/limpatto-della-pandemia-sui-genitori-cosa-dice-il-linkedin-workforce-confidence-index/,L'impatto della pandemia sui genitori. Cosa dice il LinkedIn Workforce Confidence Index?,CREATIVITÀ,10/09/2020,"10/06/2020, 12:34:47"
https://nova.ilsole24ore.com/infodata/tre-numeri-per-raccontare-il-ritorno-a-scuola/,Tre numeri per raccontare il ritorno a scuola,CREATIVITÀ,10/09/2020,"10/06/2020, 12:34:47"
https://nova.ilsole24ore.com/infodata/quanto-costano-gli-alcolici-in-italia-e-nel-resto-deuropa-ecco-come-sta-cambiando-la-qualita-della-vita/,Quanto costano gli alcolici in Italia? E nel resto d'Europa? Ecco come sta cambiando la qualità della vita,CREATIVITÀ,09/09/2020,"10/06/2020, 12:34:47"
https://nova.ilsole24ore.com/infodata/cinquantamila-dollari-per-la-migliore-idea-su-come-utilizzare-il-piu-grande-dataset-sul-covid-19/,Cinquantamila dollari per la migliore idea su come utilizzare il più grande dataset sul Covid-19,CREATIVITÀ,09/09/2020,"10/06/2020, 12:34:48"
https://nova.ilsole24ore.com/infodata/ridurre-i-parlamentari-aiuta-davvero-a-combattere-la-corruzione-la-correlazione-non-ce/,Ridurre i parlamentari aiuta davvero a combattere la corruzione? La correlazione non c'è,CREATIVITÀ,09/09/2020,"10/06/2020, 12:34:48"
https://nova.ilsole24ore.com/infodata/a-proposito-di-standard-chi-guida-a-sinistra-ecco-le-nazioni-che-vanno-al-contrario/,A proposito di standard: chi guida a sinistra? Ecco le nazioni che vanno al contrario,CREATIVITÀ,08/09/2020,"10/06/2020, 12:34:48"
https://nova.ilsole24ore.com/infodata/morte-per-omicidio-scopri-la-regione-piu-pericolosa-deuropa/,"Morte per omicidio, scopri la regione più pericolosa d'Europa",CREATIVITÀ,08/09/2020,"10/06/2020, 12:34:48"
https://nova.ilsole24ore.com/infodata/presidenziali-usa-biden-annulla-leffetto-convention/,"Presidenziali Usa, Biden annulla l'effetto convention",CREATIVITÀ,07/09/2020,"10/06/2020, 12:34:49"
https://nova.ilsole24ore.com/infodata/quanti-poveri-produrra-il-covid-dal-piu-negativo-al-piu-positivo-tutti-gli-scenari-dellonu/,Quanti poveri produrrà il Covid? Dal più negativo al più positivo: tutti gli scenari dell'Onu,CREATIVITÀ,07/09/2020,"10/06/2020, 12:34:49"
https://nova.ilsole24ore.com/infodata/quali-interventi-non-farmaceutici-contro-il-covid-19-hanno-funzionato-meglio/,Quali interventi non farmaceutici contro il Covid-19 hanno funzionato meglio?,CREATIVITÀ,06/09/2020,"10/06/2020, 12:34:49"
https://nova.ilsole24ore.com/infodata/tre-numeri-per-spiegare-il-referendum-costituzionale-sul-taglio-dei-parlamentari/,Tre numeri per spiegare il referendum costituzionale sul taglio dei parlamentari,CREATIVITÀ,06/09/2020,"10/06/2020, 12:34:50"
https://nova.ilsole24ore.com/infodata/almeno-463-milioni-di-studenti-hanno-smesso-di-apprendere-durante-il-lockdown/,Almeno 463 milioni di studenti hanno smesso di apprendere durante il lockdown,CREATIVITÀ,06/09/2020,"10/06/2020, 12:34:50"
https://nova.ilsole24ore.com/infodata/limpatto-del-taglio-dei-parlamentari-sui-conti-dei-partiti-politici-le-stime-di-transparency/,L'impatto del taglio dei parlamentari sui conti dei partiti politici? Le stime di Transparency,CREATIVITÀ,06/09/2020,"10/06/2020, 12:34:50"
https://nova.ilsole24ore.com/infodata/servono-mappe-di-densita-della-popolazione/,Servono mappe di densità della popolazione?,CREATIVITÀ,06/09/2020,"10/06/2020, 12:34:50"
https://nova.ilsole24ore.com/infodata/le-mappe-sono-importanti-da-john-snow-al-tracciamento-del-covid-19/,Le mappe sono importanti. Da John Snow al tracciamento del Covid-19,CREATIVITÀ,05/09/2020,"10/06/2020, 12:34:51"
https://nova.ilsole24ore.com/infodata/ecco-perche-la-matematica-e-uno-degli-strumenti-piu-equi-nellesercizio-della-democrazia/,Ecco perché la matematica è uno degli strumenti più equi nell'esercizio della democrazia,CREATIVITÀ,05/09/2020,"10/06/2020, 12:34:51"
https://nova.ilsole24ore.com/infodata/le-morti-evitabili-in-europa-ecco-una-mappa-e-qualche-riflessione/,Le morti evitabili in Europa. Ecco una mappa e qualche riflessione,CREATIVITÀ,05/09/2020,"10/06/2020, 12:34:51"
https://nova.ilsole24ore.com/infodata/limpatto-del-taglio-dei-parlamentari-sui-conti-dei-partiti-politici-30-tra-donazioni-e-rimesse/,L'impatto del taglio dei parlamentari sui conti dei partiti politici? -30% tra donazioni e rimesse,CREATIVITÀ,04/09/2020,"10/06/2020, 12:34:51"
https://nova.ilsole24ore.com/infodata/istruzione-interrotta-almeno-463-milioni-di-studenti-hanno-smesso-di-apprendere-durante-il-lockdown/,Istruzione interrotta. Almeno 463 milioni di studenti hanno smesso di apprendere durante il lockdown,CREATIVITÀ,04/09/2020,"10/06/2020, 12:34:52"
https://nova.ilsole24ore.com/infodata/servono-mappe-di-densita-della-popolazione-ecco-alcuni-tool-e-qualche-idea-per-disegnarle/,"Servono mappe di densità della popolazione? Ecco alcuni tool e qualche idea per ""disegnarle""",CREATIVITÀ,03/09/2020,"10/06/2020, 12:34:52"
https://nova.ilsole24ore.com/infodata/tre-numeri-per-spiegare-in-breve-il-referendum-costituzionale-sul-taglio-dei-parlamentari/,Tre numeri per spiegare (in breve) il referendum costituzionale sul taglio dei parlamentari,CREATIVITÀ,03/09/2020,"10/06/2020, 12:34:52"
https://nova.ilsole24ore.com/infodata/open-science-e-covid-19-primo-database-aperto-sugli-interventi-di-ogni-paese-del-mondo/,Open science e COVID-19: primo database aperto sugli interventi di ogni paese del mondo,CREATIVITÀ,02/09/2020,"10/06/2020, 12:34:52"
https://nova.ilsole24ore.com/infodata/le-mappe-sono-importanti-da-john-snow-al-tracciamento-del-covid-19-spunti-di-cartografia-digitale-moderna/,Le mappe sono importanti. Da John Snow al tracciamento del Covid-19. Spunti di cartografia digitale moderna,CREATIVITÀ,02/09/2020,"10/06/2020, 12:34:53"
https://nova.ilsole24ore.com/infodata/senza-matematica-non-ce-democrazia-visioni-di-una-societa-data-driven/,Senza matematica non c'è democrazia. Visioni di una società data-driven,CREATIVITÀ,01/09/2020,"10/06/2020, 12:34:53"
https://nova.ilsole24ore.com/infodata/europa-con-la-prevenzione-potremmo-salvare-1-milione-di-vite-lanno/,"Europa, con la prevenzione potremmo salvare 1 milione di vite l'anno",CREATIVITÀ,01/09/2020,"10/06/2020, 12:34:53"
https://nova.ilsole24ore.com/infodata/la-nomination-spinge-trump-e-iniziata-la-rimonta/,La nomination spinge Trump. E' iniziata la rimonta?,CREATIVITÀ,31/08/2020,"10/06/2020, 12:34:53"
https://nova.ilsole24ore.com/infodata/solo-il-57-delle-popolazione-mondiale-vive-in-democrazie-complete-3/,"Solo il 5,7% delle popolazione mondiale vive in democrazie ""complete",CREATIVITÀ,30/08/2020,"10/06/2020, 12:34:54"
https://nova.ilsole24ore.com/infodata/perche-la-violenza-non-viene-denunciata-cinque-dati-per-rispondere/,Perché la violenza non viene denunciata? Cinque dati per rispondere,CREATIVITÀ,30/08/2020,"10/06/2020, 12:34:54"
https://nova.ilsole24ore.com/infodata/decrescita-di-sicuro-felice-mica-tanto-limpatto-della-pandemia-sulle-emissioni-di-co2-3/,"Decrescita di sicuro, felice mica tanto. L'impatto della pandemia sulle emissioni di CO2",CREATIVITÀ,30/08/2020,"10/06/2020, 12:34:54"
https://nova.ilsole24ore.com/infodata/violenza-domestica-e-lockdown-raddoppiate-le-chiamate-al-numero-verde-1522/,Violenza domestica e lockdown: raddoppiate le chiamate al numero verde 1522,CREATIVITÀ,30/08/2020,"10/06/2020, 12:34:54"
https://nova.ilsole24ore.com/infodata/quanto-costa-il-pane-in-italia-e-nel-resto-deuropa-ecco-come-sta-cambiando-la-qualita-della-vita/,Quanto costa il pane in Italia? E nel resto d'Europa? Ecco come sta cambiando la qualità della vita,CREATIVITÀ,30/08/2020,"10/06/2020, 12:34:54"
https://nova.ilsole24ore.com/infodata/come-si-misura-la-poverta-educativa-spoiler-non-e-mai-solo-una-questione-di-dotazione-tecnologica-2/,Come si misura la povertà educativa? Spoiler: non è mai solo una questione di dotazione tecnologica,CREATIVITÀ,29/08/2020,"10/06/2020, 12:34:55"
https://nova.ilsole24ore.com/infodata/cento-miliardi-di-messaggi-whatsapp-ogni-giorno-pensiero-critico-della-societa-data-driven-5-3/,Cento miliardi di messaggi WhatsApp ogni giorno. Pensiero critico della società data-driven (5),CREATIVITÀ,29/08/2020,"10/06/2020, 12:34:55"
https://nova.ilsole24ore.com/infodata/fotografia-dellinvecchiamento-attivo-cosa-fanno-i-nostri-anziani/,Fotografia dell'invecchiamento attivo: cosa fanno i nostri anziani?,CREATIVITÀ,29/08/2020,"10/06/2020, 12:34:55"
https://nova.ilsole24ore.com/infodata/the-new-dating-timeline-come-e-cambiata-nellultimo-anno-la-cronologia-degli-appuntamenti/,"The new dating timeline, come è cambiata nell'ultimo anno la cronologia degli appuntamenti",CREATIVITÀ,29/08/2020,"10/06/2020, 12:34:55"
https://nova.ilsole24ore.com/infodata/le-teorie-del-complotto-le-mappe-e-la-comicita-pensiero-critico-della-societa-data-driven-6-4/,"Le teorie del complotto, le mappe e la comicità. Pensiero critico della società data-driven (6)",CREATIVITÀ,28/08/2020,"10/06/2020, 12:34:56"
https://nova.ilsole24ore.com/infodata/scuole-poco-connesse-e-con-docenti-poco-formati-al-digitale-benvenuti-nei-comuni-piu-piccoli-2/,Scuole poco connesse e con docenti poco formati al digitale. Benvenuti nei Comuni più piccoli,CREATIVITÀ,28/08/2020,"10/06/2020, 12:34:56"
https://nova.ilsole24ore.com/infodata/perche-la-violenza-non-viene-denunciata-cinque-dati-per-rispondere-davvero/,Perché la violenza non viene denunciata? Cinque dati per rispondere davvero,CREATIVITÀ,28/08/2020,"10/06/2020, 12:34:56"
https://nova.ilsole24ore.com/infodata/cosa-ha-chiesto-lamerica-a-google-nellultimo-decennio-pensiero-critico-della-societa-data-driven-7-2/,Cosa ha chiesto l'America a Google nell'ultimo decennio? Pensiero critico della società data-driven (7),CREATIVITÀ,27/08/2020,"10/06/2020, 12:34:56"
https://nova.ilsole24ore.com/infodata/demografia-minimo-storico-per-le-nascite-nel-2019-dallunita-ditalia-linfografica-di-istat-2/,Demografia: minimo storico per le nascite nel 2019 dall'unità d'Italia. L'infografica di Istat,CREATIVITÀ,27/08/2020,"10/06/2020, 12:34:57"
https://nova.ilsole24ore.com/infodata/quanto-costa-in-italia-e-nel-resto-deuropa-il-pane/,Quanto costa in Italia? E nel resto d'Europa: il pane,CREATIVITÀ,27/08/2020,"10/06/2020, 12:34:57"
https://nova.ilsole24ore.com/infodata/2024-assalto-al-cielo-della-classe-media-asiatica-i-campione-del-pil-secondo-fmi-e-banca-mondiale-2/,2024: assalto al cielo della classe media asiatica. I campione del Pil secondo Fmi e Banca Mondiale,CREATIVITÀ,26/08/2020,"10/06/2020, 12:34:57"
https://nova.ilsole24ore.com/infodata/le-teorie-del-complotto-le-mappe-e-la-comicita-pensiero-critico-della-societa-data-driven-6-3/,"Le teorie del complotto, le mappe e la comicità. Pensiero critico della società data-driven (6)",CREATIVITÀ,26/08/2020,"10/06/2020, 12:34:57"
https://nova.ilsole24ore.com/infodata/come-si-misura-linnovazione-mindshare-peer-review-e-total-share-return-ipotesi-di-lavoro/,"Come si misura l'innovazione? Mindshare, peer review e total share return. Ipotesi di lavoro",CREATIVITÀ,26/08/2020,"10/06/2020, 12:34:58"
https://nova.ilsole24ore.com/infodata/violenza-domestica-e-lockdown-119-di-chiamate-al-numero-verde-1522-da-marzo-a-giugno/,Violenza domestica e lockdown: +119% di chiamate al numero verde 1522 da marzo a giugno,CREATIVITÀ,26/08/2020,"10/06/2020, 12:34:58"
https://nova.ilsole24ore.com/infodata/incidenti-stradali-mai-cosi-bassi-i-morti-negli-ultimi-dieci-anni-aumentano-le-vittime-tra-ciclisti-e-motociclisti-2/,Incidenti stradali. Mai così bassi i morti negli ultimi dieci anni. Aumentano le vittime tra ciclisti e motociclisti,CREATIVITÀ,25/08/2020,"10/06/2020, 12:34:58"
https://nova.ilsole24ore.com/infodata/covid-19-gli-italiani-leuropa-e-la-percezione-delle-mascherine-indossate-2/,"Covid-19, gli italiani, l'Europa e la percezione delle mascherine indossate",CREATIVITÀ,25/08/2020,"10/06/2020, 12:34:58"
https://nova.ilsole24ore.com/infodata/gli-anziani-piu-attivi-vivono-al-nord-e-si-occupano-dei-nipoti/,Gli anziani più attivi? Vivono al Nord e si occupano dei nipoti,CREATIVITÀ,25/08/2020,"10/06/2020, 12:34:59"
https://nova.ilsole24ore.com/infodata/la-scuola-deve-essere-equa-e-inclusiva-soprattutto-adesso-lo-spieghiamo-con-i-disegni/,La scuola deve essere equa e inclusiva. Soprattutto adesso. Lo spieghiamo con i disegni,CREATIVITÀ,24/08/2020,"10/06/2020, 12:34:59"
https://nova.ilsole24ore.com/infodata/elezioni-usa-la-nomination-spinge-biden-in-attesa-della-convention-repubblicana/,"Elezioni Usa, la nomination spinge Biden, in attesa della convention repubblicana",CREATIVITÀ,24/08/2020,"10/06/2020, 12:34:59"
https://nova.ilsole24ore.com/infodata/the-new-dating-timeline-la-cronologia-degli-appuntamenti-nel-2020/,"The new dating timeline, la cronologia degli appuntamenti nel 2020",CREATIVITÀ,24/08/2020,"10/06/2020, 12:34:59"
https://nova.ilsole24ore.com/infodata/aiutare-il-mondo-con-le-mappe-pensiero-critico-della-societa-data-driven-nona-puntata/,Aiutare il mondo con le mappe. Pensiero critico della società data-driven (nona puntata),CREATIVITÀ,23/08/2020,"10/06/2020, 12:35:00"
https://nova.ilsole24ore.com/infodata/minecraft-produce-600mila-tonnellate-di-co2-le-emissioni-dellindustria-del-gaming/,Minecraft produce 600mila tonnellate di CO2? Le emissioni dell'industria del gaming,CREATIVITÀ,23/08/2020,"10/06/2020, 12:35:00"
https://nova.ilsole24ore.com/infodata/covid-19-il-rischio-di-escalation-in-europa-paese-per-paese/,"Covid-19, il rischio di escalation in Europa, paese per paese",CREATIVITÀ,23/08/2020,"10/06/2020, 12:35:00"
https://nova.ilsole24ore.com/infodata/qual-e-la-capacita-che-ogni-regione-ha-di-fare-contact-tracing-al-di-la-dellesito-del-tampone-aiutateci-a-mappare-la-situazione/,Qual è la capacità che ogni regione ha di fare contact tracing al di là dell'esito del tampone? Aiutateci a mappare la situazione,CREATIVITÀ,23/08/2020,"10/06/2020, 12:35:01"
https://nova.ilsole24ore.com/infodata/universita-tirocinio-allestero-e-retribuzioni-studiare-conviene-sempre/,"Università, tirocinio all'estero e retribuzioni: studiare conviene, sempre",CREATIVITÀ,23/08/2020,"10/06/2020, 12:35:01"
https://nova.ilsole24ore.com/infodata/carta-e-digitale-chi-ha-vinto-questanno-il-premio-malofiej/,Carta e digitale: chi ha vinto quest'anno il premio Malofiej?,CREATIVITÀ,22/08/2020,"10/06/2020, 12:35:01"
https://nova.ilsole24ore.com/infodata/luniverso-potrebbe-essere-piu-giovane-di-un-miliardo-circa-di-anni-2/,L'Universo potrebbe essere più giovane di un miliardo (circa) di anni,CREATIVITÀ,22/08/2020,"10/06/2020, 12:35:01"
https://nova.ilsole24ore.com/infodata/covid-19-come-capire-se-la-seconda-ondata-e-vicina/,Covid-19: come capire se la seconda ondata è vicina,CREATIVITÀ,22/08/2020,"10/06/2020, 12:35:02"
https://nova.ilsole24ore.com/infodata/salute-e-mortalita-litalia-e-il-paese-europeo-con-il-piu-alto-tasso-di-decessi-per-epatite-virale/,"Salute e mortalità, l'Italia è il Paese europeo con il più alto tasso di decessi per epatite virale",CREATIVITÀ,22/08/2020,"10/06/2020, 12:35:02"
https://nova.ilsole24ore.com/infodata/fertility-gap-perche-litalia-e-una-anomalia-in-europa/,"Fertility gap, perché l'Italia è una anomalia in Europa",CREATIVITÀ,21/08/2020,"10/06/2020, 12:35:02"
https://nova.ilsole24ore.com/infodata/aiutare-il-mondo-con-le-mappe-pensiero-critico-della-societa-data-driven-9/,Aiutare il mondo con le mappe. Pensiero critico della società data-driven (9),CREATIVITÀ,21/08/2020,"10/06/2020, 12:35:03"
https://nova.ilsole24ore.com/infodata/universita-tirocinio-allestero-e-retribuzioni-167-gli-stipendi-a-un-anno-dalla-laurea-4/,"Università, tirocinio all'estero e retribuzioni: +16,7% gli stipendi a un anno dalla laurea (4)",CREATIVITÀ,21/08/2020,"10/06/2020, 12:35:03"
https://nova.ilsole24ore.com/infodata/the-last-dance-la-fine-dei-chicago-bulls-e-i-dati-riparte-lnba/,"The Last Dance, la fine dei Chicago Bulls e i dati. Riparte l'Nba",CREATIVITÀ,20/08/2020,"10/06/2020, 12:35:03"
https://nova.ilsole24ore.com/infodata/minecraft-produce-600mila-tonnellate-di-co2-le-emissioni-dei-videogiochi-piu-venduti/,Minecraft produce 600mila tonnellate di CO2? Le emissioni dei videogiochi più venduti,CREATIVITÀ,20/08/2020,"10/06/2020, 12:35:03"
https://nova.ilsole24ore.com/infodata/come-sta-andando-lepidemia-in-europa-paese-per-paese-il-rischio-di-escalation-secondo-i-dati-delledc/,"Come sta andando l'epidemia in Europa, paese per paese, Il rischio di escalation secondo i dati dell'Edc",CREATIVITÀ,20/08/2020,"10/06/2020, 12:35:03"
https://nova.ilsole24ore.com/infodata/alluvioni-e-frane-la-mappa-dellitalia-in-bilico-3/,Alluvioni e frane: la mappa dell'Italia in bilico,CREATIVITÀ,19/08/2020,"10/06/2020, 12:35:04"
https://nova.ilsole24ore.com/infodata/infografiche-e-dataviz-chi-ha-vinto-questanno-il-premio-malofiej/,Infografiche e dataviz: chi ha vinto quest'anno il premio Malofiej?,CREATIVITÀ,19/08/2020,"10/06/2020, 12:35:04"
https://nova.ilsole24ore.com/infodata/contact-tracing-quanti-sono-gli-isolati-a-domicilio-non-positivi-per-regione-aiutateci-a-mappare-la-situazione/,"Contact tracing, quanti sono gli isolati a domicilio non positivi per regione? Aiutateci a mappare la situazione",CREATIVITÀ,19/08/2020,"10/06/2020, 12:35:04"
https://nova.ilsole24ore.com/infodata/la-mappa-della-matematica-i-numeri-le-forme-e-i-teoremi-3/,"La mappa della matematica, i numeri, le forme e i teoremi",CREATIVITÀ,18/08/2020,"10/06/2020, 12:35:04"
https://nova.ilsole24ore.com/infodata/luniverso-potrebbe-essere-piu-giovane-di-un-miliardo-circa-di-anni/,L'Universo potrebbe essere più giovane di un miliardo (circa) di anni,CREATIVITÀ,18/08/2020,"10/06/2020, 12:35:04"
https://nova.ilsole24ore.com/infodata/covid-19-adesso-i-positivi-sono-piu-giovani-come-capire-se-la-seconda-ondata-e-vicina/,Covid-19: adesso i positivi sono più giovani. Come capire se la seconda ondata è vicina,CREATIVITÀ,18/08/2020,"10/06/2020, 12:35:05"
https://nova.ilsole24ore.com/infodata/che-cosa-e-il-machine-learning-e-come-usarlo-pensiero-critico-della-societa-data-driven-4-3/,Che cosa è il machine learning e come usarlo? Pensiero critico della società data-driven (4),CREATIVITÀ,17/08/2020,"10/06/2020, 12:35:05"
https://nova.ilsole24ore.com/infodata/tutti-i-soldi-del-mondo-in-una-infografica-leconomia-a-quadratini-3/,Tutti i soldi del mondo in una infografica. L'economia a quadratini,CREATIVITÀ,17/08/2020,"10/06/2020, 12:35:05"
https://nova.ilsole24ore.com/infodata/litalia-e-il-paese-europeo-con-il-piu-alto-tasso-di-decessi-per-epatite-virale/,L'Italia è il Paese europeo con il più alto tasso di decessi per epatite virale,CREATIVITÀ,17/08/2020,"10/06/2020, 12:35:05"
https://nova.ilsole24ore.com/infodata/milano-gli-hu-battono-i-signori-rossi-la-classifica-di-nomi-e-cognomi/,"Milano, gli Hu battono i signori Rossi. La classifica di nomi e cognomi",CREATIVITÀ,16/08/2020,"10/06/2020, 12:35:05"
https://nova.ilsole24ore.com/infodata/la-classifica-di-fortune-500-e-le-imprese-dove-i-lavoratori-valgono-di-piu/,"La classifica di Fortune 500 e le imprese dove i lavoratori ""valgono"" di più",CREATIVITÀ,16/08/2020,"10/06/2020, 12:35:06"
https://nova.ilsole24ore.com/infodata/il-13-degli-studenti-si-laurea-lontano-da-casa-laurea-e-lavoro-terza-puntata/,Il 13% degli studenti si laurea lontano da casa. Laurea e lavoro (terza puntata),CREATIVITÀ,16/08/2020,"10/06/2020, 12:35:06"
https://nova.ilsole24ore.com/infodata/filosofia-e-ingegneria-informatica-cosa-hanno-in-comune/,Filosofia e ingegneria informatica: cosa hanno in comune?,CREATIVITÀ,16/08/2020,"10/06/2020, 12:35:06"
https://nova.ilsole24ore.com/infodata/elezioni-usa-2020-perche-e-in-vantaggio-biden-ecco-le-previsioni-di-nate-silver-e-fivethirtyeight/,"Elezioni Usa 2020, perché è in vantaggio Biden? Ecco le previsioni di Nate Silver e FiveThirtyEight",CREATIVITÀ,15/08/2020,"10/06/2020, 12:35:06"
https://nova.ilsole24ore.com/infodata/le-province-dove-il-divario-fra-neoingegneri-e-neoingegnere-e-minore-sono-quasi-tutte-al-sud/,Le province dove il divario fra neoingegneri e neoingegnere è minore sono quasi tutte al Sud,CREATIVITÀ,15/08/2020,"10/06/2020, 12:35:06"
https://nova.ilsole24ore.com/infodata/quanto-potrebbe-diffondersi-lepidemia-di-covid-in-africa/,Quanto potrebbe diffondersi l'epidemia di Covid in Africa?,CREATIVITÀ,15/08/2020,"10/06/2020, 12:35:07"
https://nova.ilsole24ore.com/infodata/lorologio-dellapocalisse-cento-secondi-alle-fine-del-mondo-e-non-e-colpa-del-coronavirus/,"L'orologio dell'apocalisse, cento secondi alle fine del mondo. E non è colpa del coronavirus",CREATIVITÀ,14/08/2020,"10/06/2020, 12:35:07"
https://nova.ilsole24ore.com/infodata/leffetto-covid-19-sulle-startup-lecosistema-italiano-raccontato-in-tre-grafici-2/,L'effetto Covid-19 sulle startup: l'ecosistema italiano raccontato in tre grafici,CREATIVITÀ,14/08/2020,"10/06/2020, 12:35:07"
https://nova.ilsole24ore.com/infodata/il-13-degli-studenti-si-laurea-lontano-da-casa-ecco-dove-anno-e-perche/,Il 13% degli studenti si laurea lontano da casa. Ecco dove anno e perché,CREATIVITÀ,14/08/2020,"10/06/2020, 12:35:07"
https://nova.ilsole24ore.com/infodata/al-cinema-danny-trejo-e-morto-ben-sessantacinque-volte-3/,Al cinema Danny Trejo è morto. Ben sessantacinque volte.,CREATIVITÀ,13/08/2020,"10/06/2020, 12:35:08"
https://nova.ilsole24ore.com/infodata/perche-litalia-e-ultima-in-europa-per-uso-dei-social-network-2/,Perché l'Italia è ultima in Europa per uso dei social network?,CREATIVITÀ,13/08/2020,"10/06/2020, 12:35:08"
https://nova.ilsole24ore.com/infodata/elezioni-usa-2020-ecco-le-previsioni-di-nate-silver-e-fivethirtyeight/,"Elezioni Usa 2020, ecco le previsioni di Nate Silver e FiveThirtyEight",CREATIVITÀ,13/08/2020,"10/06/2020, 12:35:08"
https://nova.ilsole24ore.com/infodata/1999-2019-perche-nel-campionato-italiano-si-segna-meno-che-altrove-2/,1999-2019: perché nel campionato italiano si segna meno che altrove,CREATIVITÀ,12/08/2020,"10/06/2020, 12:35:09"
https://nova.ilsole24ore.com/infodata/genius-loci-dove-si-concentrano-i-talenti-dellinnovazione-3/,"Genius loci, dove si concentrano i talenti dell'innovazione?",CREATIVITÀ,12/08/2020,"10/06/2020, 12:35:09"
https://nova.ilsole24ore.com/infodata/filosofia-e-ingegneria-informatica-cosa-hanno-in-comune-confronta-lauree-stipendio-e-lavoro-2/,"Filosofia e ingegneria informatica. Cosa hanno in comune? Confronta lauree, stipendio e lavoro (2)",CREATIVITÀ,12/08/2020,"10/06/2020, 12:35:09"
https://nova.ilsole24ore.com/infodata/fortune-550-quali-sono-le-imprese-dove-i-lavoratori-valgono-di-piu/,"Fortune 550, quali sono le imprese dove i lavoratori ""valgono"" di più?",CREATIVITÀ,11/08/2020,"10/06/2020, 12:35:09"
https://nova.ilsole24ore.com/infodata/milano-gli-hu-battono-i-signori-rossi-qualcosa-e-cambiato-nella-classifica-di-nomi-e-cognomi/,"Milano, gli Hu battono i signori Rossi. Qualcosa è cambiato nella classifica di nomi e cognomi",CREATIVITÀ,11/08/2020,"10/06/2020, 12:35:10"
https://nova.ilsole24ore.com/infodata/south-working-lesercito-delle-neoingegnere-e-una-idea-pazza-per-il-sud-ditalia/,"South working, l'esercito delle neoingegnere e una idea ""pazza"" per il Sud d'Italia",CREATIVITÀ,11/08/2020,"10/06/2020, 12:35:10"
https://nova.ilsole24ore.com/infodata/democracy-index-solo-il-57-delle-popolazione-mondiale-vive-in-democrazie-complete-3/,"Democracy Index: solo il 5,7% delle popolazione mondiale vive in democrazie ""complete",CREATIVITÀ,10/08/2020,"10/06/2020, 12:35:10"
https://nova.ilsole24ore.com/infodata/track-the-recovery-le-conseguenze-del-covid-19-sulleconomia-usa-2/,Track the recovery: le conseguenze del Covid-19 sull'economia Usa,CREATIVITÀ,10/08/2020,"10/06/2020, 12:35:10"
https://nova.ilsole24ore.com/infodata/sicurezza-una-scuola-su-due-non-ha-il-certificato-di-agibilita-scopri-la-situazione-nel-tuo-comune/,Sicurezza: una scuola su due non ha il certificato di agibilità. Scopri la situazione nel tuo Comune,CREATIVITÀ,10/08/2020,"10/06/2020, 12:35:11"
https://nova.ilsole24ore.com/infodata/perche-le-lauree-scientifiche-convengono-alcuni-numeri-scelti-bene-prima-puntata/,Perché le lauree scientifiche convengono? Alcuni numeri scelti bene (prima puntata),CREATIVITÀ,09/08/2020,"10/06/2020, 12:35:11"
https://nova.ilsole24ore.com/infodata/come-vanno-le-cose-per-i-neo-laureati-i-numeri-di-alma-laurea-prima-puntata/,Come vanno le cose per i neo-laureati? I numeri di Alma Laurea (prima puntata),CREATIVITÀ,09/08/2020,"10/06/2020, 12:35:11"
https://nova.ilsole24ore.com/infodata/poverta-e-disuguaglianza-in-italia-almeno-il-15-della-produzione-alimentare-viene-sprecato/,Povertà e disuguaglianza: in Italia almeno il 15% della produzione alimentare viene sprecato,CREATIVITÀ,09/08/2020,"10/06/2020, 12:35:12"
https://nova.ilsole24ore.com/infodata/dove-costa-di-piu-parcheggiare-lauto-il-caso-di-roma/,Dove costa di più parcheggiare l'auto? Il caso di Roma,CREATIVITÀ,09/08/2020,"10/06/2020, 12:35:12"
https://nova.ilsole24ore.com/infodata/per-un-italiano-su-tre-le-condizioni-economiche-peggioreranno-il-sondaggio-di-csa/,Per un italiano su tre le condizioni economiche peggioreranno. Il sondaggio di Csa,CREATIVITÀ,08/08/2020,"10/06/2020, 12:35:12"
https://nova.ilsole24ore.com/infodata/lautunno-la-seconda-ondata-e-limmunita-le-domande-sul-covid-19-che-non-hanno-risposte-semplici/,"L'autunno, la seconda ondata e l'immunità: le domande sul Covid-19 che non hanno risposte semplici",CREATIVITÀ,08/08/2020,"10/06/2020, 12:35:12"
https://nova.ilsole24ore.com/infodata/i-numeri-della-violenza-della-polizia-usa-ecco-come-e-cambiata-la-geografia-degli-omicidi-2/,I numeri della violenza della polizia Usa: ecco come è cambiata la geografia degli omicidi,CREATIVITÀ,07/08/2020,"10/06/2020, 12:35:13"
https://nova.ilsole24ore.com/infodata/lavoro-stipendi-medi-e-carriera-ecco-perche-le-lauree-scientifiche-convengono-prima-puntata/,"Lavoro, stipendi (medi) e carriera. Ecco perché le lauree scientifiche convengono (prima puntata)",CREATIVITÀ,07/08/2020,"10/06/2020, 12:35:13"
https://nova.ilsole24ore.com/infodata/perche-litalia-e-ultima-in-europa-per-uso-dei-social-network-qualche-ipotesi-e-una-certezza-2/,Perché l'Italia è ultima in Europa per uso dei social network? Qualche ipotesi e una certezza,CREATIVITÀ,06/08/2020,"10/06/2020, 12:35:13"
https://nova.ilsole24ore.com/infodata/aeroporti-shopping-e-centro-citta-dove-costa-di-piu-parcheggiare-lauto-il-caso-di-roma/,"Aeroporti, shopping e centro città: dove costa di più parcheggiare l'auto? Il caso di Roma",CREATIVITÀ,06/08/2020,"10/06/2020, 12:35:13"
https://nova.ilsole24ore.com/infodata/lockdown-ambiente-e-consumo-di-carne-in-italia-si-macella-di-meno-2/,"Lockdown, ambiente e consumo di carne. In Italia si macella di meno",CREATIVITÀ,05/08/2020,"10/06/2020, 12:35:14"
https://nova.ilsole24ore.com/infodata/a-proposito-di-covid-19-e-disuguglianza-40-di-assistiti-dal-banco-alimentare/,A proposito di Covid-19 e disuguglianza: +40% di assistiti dal Banco Alimentare,CREATIVITÀ,05/08/2020,"10/06/2020, 12:35:14"
https://nova.ilsole24ore.com/infodata/siamo-sempre-piu-poveri-ma-quanto-il-calcolatore-di-disuguaglianza-economica-e-sociale-dellocse-2/,Siamo sempre più poveri. Ma quanto? Il calcolatore di disuguaglianza economica e sociale dell'Ocse,CREATIVITÀ,05/08/2020,"10/06/2020, 12:35:14"
https://nova.ilsole24ore.com/infodata/come-andata-la-maturita-questanno%e2%80%89i%e2%80%89voti-i-100-e-lode-e-le-disparita-nord-sud/,"Com'è andata la Maturità quest'anno? I voti, i 100 e lode e le disparità Nord-Sud",CREATIVITÀ,04/08/2020,"10/06/2020, 12:35:14"
https://nova.ilsole24ore.com/infodata/la-pandemia-la-fase-2-e-le-paure-degli-italiani-ecco-come-siamo-cambiati-lindagine-csa/,"La pandemia, la fase 2 e le paure degli italiani. Ecco come siamo cambiati (l'indagine Csa)",CREATIVITÀ,04/08/2020,"10/06/2020, 12:35:15"
https://nova.ilsole24ore.com/infodata/sostenibilita-ambientale-come-sta-litalia%e2%80%89e-il-mondo%e2%80%89le-raccomandazioni-di-banca-ditalia-in-cinque-infografiche/,"Sostenibilità ambientale, come sta l'Italia? E il mondo? Le raccomandazioni di Banca d'Italia in cinque infografiche",CREATIVITÀ,03/08/2020,"10/06/2020, 12:35:15"
https://nova.ilsole24ore.com/infodata/incidenti-stradali-mai-cosi-bassi-i-morti-negli-ultimi-dieci-anni-2/,Incidenti stradali. Mai così bassi i morti negli ultimi dieci anni,CREATIVITÀ,03/08/2020,"10/06/2020, 12:35:15"
https://nova.ilsole24ore.com/infodata/covid-19-e-scienza-le-domande-che-non-hanno-risposte-semplici/,"Covid-19 e scienza, le domande che non hanno risposte semplici",CREATIVITÀ,03/08/2020,"10/06/2020, 12:35:16"
https://nova.ilsole24ore.com/infodata/giornalismo-informazione-e-dati-bene-gli-open-data-ma-occorre-imparare-ad-utilizzarli/,"Giornalismo, informazione e dati: bene gli open data, ma occorre imparare ad utilizzarli",CREATIVITÀ,02/08/2020,"10/06/2020, 12:35:16"
https://nova.ilsole24ore.com/infodata/uomini-e-donne-come-li-descriviamo-nei-libri/,"Uomini e donne, come li descriviamo nei libri?",CREATIVITÀ,02/08/2020,"10/06/2020, 12:35:16"
https://nova.ilsole24ore.com/infodata/e-se-giovanni-va-male-a-scuola-come-si-misura-della-poverta-educativa-ipotesi-di-lavoro/,"E se Giovanni va male a scuola? Come si misura della povertà educativa, ipotesi di lavoro",CREATIVITÀ,02/08/2020,"10/06/2020, 12:35:16"
https://nova.ilsole24ore.com/infodata/serie-tv-watchmen-fa-il-pieno-di-nomination-agli-emmy-tutti-i-numeri/,"Serie tv, Watchmen fa il pieno di nomination agli Emmy. Tutti i numeri",CREATIVITÀ,02/08/2020,"10/06/2020, 12:35:17"
https://nova.ilsole24ore.com/infodata/85-storie-di-vita-spezzate-la-visual-novel-interattiva-sulla-strage-di-bologna/,85 storie di vita spezzate. La visual novel interattiva sulla strage di Bologna,CREATIVITÀ,02/08/2020,"10/06/2020, 12:35:17"
https://nova.ilsole24ore.com/infodata/quante-sono-e-quanto-guadagnano-le-neo-ingegnere-ditalia-prima-puntata/,Quante sono e quanto guadagnano le neo ingegnere d'Italia? Prima puntata,CREATIVITÀ,01/08/2020,"10/06/2020, 12:35:17"
https://nova.ilsole24ore.com/infodata/cronaca-critica-della-diffusione-sui-dati-covid-che-ormai-non-interessano-piu-a-nessuno-5/,"Cronaca critica della diffusione sui dati Covid, che ormai non interessano più a nessuno (5)",CREATIVITÀ,01/08/2020,"10/06/2020, 12:35:17"
https://nova.ilsole24ore.com/infodata/come-si-misura-linnovazione-ipotesi-di-lavoro/,Come si misura l'innovazione? Ipotesi di lavoro,CREATIVITÀ,01/08/2020,"10/06/2020, 12:35:18"
https://nova.ilsole24ore.com/infodata/nel-mondo-mancano-sei-milioni-di-infermieri-serve-una-copertura-sanitaria-universale/,Nel mondo mancano sei milioni di infermieri. Serve una copertura sanitaria universale,CREATIVITÀ,01/08/2020,"10/06/2020, 12:35:18"
https://nova.ilsole24ore.com/infodata/chi-si-interessa-di-politica-in-italia-sempre-meno-persone-e-chi-ne-avrebbe-piu-bisogno-2/,Chi si interessa di politica in Italia? Sempre meno persone e chi ne avrebbe più bisogno,CREATIVITÀ,31/07/2020,"10/06/2020, 12:35:18"
https://nova.ilsole24ore.com/infodata/quante-sono-e-quanto-guadagnano-le-neo-ingegnere-ditalia/,Quante sono e quanto guadagnano le neo ingegnere d'Italia?,CREATIVITÀ,31/07/2020,"10/06/2020, 12:35:19"
https://nova.ilsole24ore.com/infodata/e-se-giovanni-va-male-a-scuola-la-misura-della-poverta-educativa-le-prime-mappe-italiane/,"E se Giovanni va male a scuola? La misura della povertà educativa, le prime mappe italiane",CREATIVITÀ,31/07/2020,"10/06/2020, 12:35:19"
https://nova.ilsole24ore.com/infodata/come-stanno-i-nostri-ragazzi-un-adolescente-su-6-al-mondo-ha-pensato-al-suicidio-nellultimo-anno-2/,Come stanno i nostri ragazzi? Un adolescente su 6 al mondo ha pensato al suicidio nell'ultimo anno,CREATIVITÀ,30/07/2020,"10/06/2020, 12:35:19"
https://nova.ilsole24ore.com/infodata/serie-tv-watchmen-fa-il-pieno-di-nomination-agli-emmy-anche-questanno-netflix-batte-hbo/,"Serie tv, Watchmen fa il pieno di nomination agli Emmy. Anche quest'anno Netflix batte Hbo",CREATIVITÀ,30/07/2020,"10/06/2020, 12:35:20"
https://nova.ilsole24ore.com/infodata/bene-gli-open-data-ma-occorre-imparare-ad-utilizzarli/,"Bene gli open data, ma occorre imparare ad utilizzarli",CREATIVITÀ,30/07/2020,"10/06/2020, 12:35:20"
https://nova.ilsole24ore.com/infodata/cosa-ha-chiesto-lamerica-a-google-nellultimo-decennio-pensiero-critico-della-societa-data-driven-7/,Cosa ha chiesto l'America a Google nell'ultimo decennio? Pensiero critico della società data-driven (7),CREATIVITÀ,29/07/2020,"10/06/2020, 12:35:20"
https://nova.ilsole24ore.com/infodata/bo020880-85-storie-di-vita-spezzate-la-visual-novel-interattiva-sulla-strage-di-bologna/,"BO020880, 85 storie di vita spezzate. La visual novel interattiva sulla strage di Bologna",CREATIVITÀ,29/07/2020,"10/06/2020, 12:35:20"
https://nova.ilsole24ore.com/infodata/uomini-e-donne-come-li-descriviamo-nei-libri-un-tentativo-di-data-analisi/,"Uomini e donne, come li descriviamo nei libri? Un tentativo di data-analisi",CREATIVITÀ,29/07/2020,"10/06/2020, 12:35:20"
https://nova.ilsole24ore.com/infodata/gli-indicatori-per-misurare-lallarme-globale-sulla-biodiversita-prima-puntata-2/,Gli indicatori per misurare l'allarme globale sulla biodiversità (Prima puntata),CREATIVITÀ,28/07/2020,"10/06/2020, 12:35:21"
https://nova.ilsole24ore.com/infodata/cronaca-critica-della-diffusione-sui-dati-covid-che-ormai-non-interessano-piu-a-nessuno-ultima-puntata/,"Cronaca critica della diffusione sui dati Covid, che ormai non interessano più a nessuno. Ultima puntata",CREATIVITÀ,28/07/2020,"10/06/2020, 12:35:21"
https://nova.ilsole24ore.com/infodata/i-marketplace-le-piattaforme-digitali-e-le-commissioni-il-mercato-mondiale-delle-app-verso-quota-100-miliardi-di-dollari/,"I marketplace, le piattaforme digitali e le commissioni. Il mercato mondiale delle app verso quota 100 miliardi di dollari",CREATIVITÀ,28/07/2020,"10/06/2020, 12:35:21"
https://nova.ilsole24ore.com/infodata/come-si-misura-innovazione-mindshare-peer-review-e-total-share-return-ipotesi-di-lavoro/,"Come si misura innovazione? Mindshare, peer review e total share return. Ipotesi di lavoro",CREATIVITÀ,27/07/2020,"10/06/2020, 12:35:22"
https://nova.ilsole24ore.com/infodata/demografia-per-la-prima-volta-la-popolazione-mondiale-comincera-a-calare-sotto-i-nove-miliardi-nel-2100/,"Demografia, per la prima volta la popolazione mondiale comincerà a calare. Sotto i nove miliardi nel 2100",CREATIVITÀ,27/07/2020,"10/06/2020, 12:35:22"
https://nova.ilsole24ore.com/infodata/nel-mondo-mancano-sei-milioni-di-infermieri-le-dieci-proposte-delle-nazioni-unite/,Nel mondo mancano sei milioni di infermieri. Le dieci proposte delle Nazioni Unite,CREATIVITÀ,27/07/2020,"10/06/2020, 12:35:22"
https://nova.ilsole24ore.com/infodata/le-teorie-del-complotto-le-mappe-e-la-comicita-pensiero-critico-della-societa-data-driven-6-2/,"Le teorie del complotto, le mappe e la comicità. Pensiero critico della società data-driven (6)",CREATIVITÀ,26/07/2020,"10/06/2020, 12:35:22"
https://nova.ilsole24ore.com/infodata/2024-il-sorpasso-della-cina-sugli-stati-uniti-e-la-rivincita-della-classe-media-asiatica/,2024: il sorpasso della Cina sugli Stati Uniti e la rivincita della classe media asiatica,CREATIVITÀ,26/07/2020,"10/06/2020, 12:35:23"
https://nova.ilsole24ore.com/infodata/demografia-minimo-storico-per-le-nascite-nel-2019-dallunita-ditalia-linfografica-di-istat/,Demografia: minimo storico per le nascite nel 2019 dall'unità d'Italia. L'infografica di Istat,CREATIVITÀ,26/07/2020,"10/06/2020, 12:35:23"
https://nova.ilsole24ore.com/infodata/incidenti-stradali-mai-cosi-bassi-i-morti-negli-ultimi-dieci-anni/,Incidenti stradali. Mai così bassi i morti negli ultimi dieci anni,CREATIVITÀ,26/07/2020,"10/06/2020, 12:35:23"
https://nova.ilsole24ore.com/infodata/come-si-misura-la-poverta-educativa-spoiler-non-e-mai-solo-una-questione-di-dotazione-tecnologica/,Come si misura la povertà educativa? Spoiler: non è mai solo una questione di dotazione tecnologica,CREATIVITÀ,26/07/2020,"10/06/2020, 12:35:23"
https://nova.ilsole24ore.com/infodata/scuole-poco-connesse-e-con-docenti-poco-formati-al-digitale-benvenuti-nei-comuni-piu-piccoli/,Scuole poco connesse e con docenti poco formati al digitale. Benvenuti nei Comuni più piccoli,CREATIVITÀ,26/07/2020,"10/06/2020, 12:35:24"
https://nova.ilsole24ore.com/infodata/cento-miliardi-di-messaggi-whatsapp-ogni-giorno-pensiero-critico-della-societa-data-driven-5-2/,Cento miliardi di messaggi WhatsApp ogni giorno. Pensiero critico della società data-driven (5),CREATIVITÀ,25/07/2020,"10/06/2020, 12:35:24"
https://nova.ilsole24ore.com/infodata/n95-o-ffp123-quanto-sono-efficaci-le-mascherine-ecco-cosa-dicono-alcuni-studi-scientifici/,N95 o FFP1/2/3: quanto sono efficaci le mascherine? Ecco cosa dicono alcuni studi scientifici,CREATIVITÀ,25/07/2020,"10/06/2020, 12:35:24"
https://nova.ilsole24ore.com/infodata/la-scuola-deva-essere-equa-e-inclusiva-sopratutto-adesso-lo-spieghiamo-con-i-disegni/,La scuola deva essere equa e inclusiva. Sopratutto adesso. Lo spieghiamo con i disegni,CREATIVITÀ,25/07/2020,"10/06/2020, 12:35:25"
https://nova.ilsole24ore.com/infodata/covid-19-gli-italiani-leuropa-e-la-percezione-delle-mascherine-indossate/,"Covid-19, gli italiani, l'Europa e la percezione delle mascherine indossate",CREATIVITÀ,25/07/2020,"10/06/2020, 12:35:25"
https://nova.ilsole24ore.com/infodata/dopo-il-covid-19-litalia-e-in-deflazione-i-rincari-e-gli-effetti-spiegati-con-4-grafici/,Dopo il Covid-19 l'Italia è in deflazione. I rincari e gli effetti spiegati con 4 grafici,CREATIVITÀ,24/07/2020,"10/06/2020, 12:35:25"
https://nova.ilsole24ore.com/infodata/incidenti-stradali-mai-cosi-bassi-i-morti-negli-ultimi-dieci-anni-aumentano-le-vittime-tra-ciclisti-e-motociclisti/,Incidenti stradali. Mai così bassi i morti negli ultimi dieci anni. Aumentano le vittime tra ciclisti e motociclisti,CREATIVITÀ,24/07/2020,"10/06/2020, 12:35:26"
https://nova.ilsole24ore.com/infodata/come-si-misura-la-poverta-educativa-non-solo-con-tablet-e-banda-larga/,Come si misura la povertà educativa? Non solo con tablet e banda larga,CREATIVITÀ,24/07/2020,"10/06/2020, 12:35:26"
https://nova.ilsole24ore.com/infodata/great-lockdown-perche-questa-e-una-crisi-diversa-dalle-altre-2/,"Great Lockdown, perché questa è una crisi diversa dalle altre",CREATIVITÀ,23/07/2020,"10/06/2020, 12:35:26"
https://nova.ilsole24ore.com/infodata/le-teorie-del-complotto-le-mappe-e-la-comicita-pensiero-critico-della-societa-data-driven-6/,"Le teorie del complotto, le mappe e la comicità. Pensiero critico della società data-driven (6)",CREATIVITÀ,23/07/2020,"10/06/2020, 12:35:26"
https://nova.ilsole24ore.com/infodata/scuola-e-digitale-divide-tutti-gli-ostacoli-nei-comuni-piu-piccoli-ecco-i-numeri-e-qualche-grafico/,"Scuola e digitale divide, tutti gli ostacoli nei comuni più piccoli. Ecco i numeri e qualche grafico",CREATIVITÀ,23/07/2020,"10/06/2020, 12:35:26"
https://nova.ilsole24ore.com/infodata/2024-assalto-al-cielo-della-classe-media-asiatica-i-campione-del-pil-secondo-fmi-e-banca-mondiale/,2024: assalto al cielo della classe media asiatica. I campione del Pil secondo Fmi e Banca Mondiale,CREATIVITÀ,22/07/2020,"10/06/2020, 12:35:27"
https://nova.ilsole24ore.com/infodata/bilancio-demografico-2019-al-minimo-storico-le-nascite-meno-stranieri-e-piu-emigranti/,Bilancio demografico 2019: al minimo storico le nascite. Meno stranieri e più emigranti,CREATIVITÀ,22/07/2020,"10/06/2020, 12:35:27"
https://nova.ilsole24ore.com/infodata/n95-o-ffp123-quanto-sono-efficaci-le-mascherine/,N95 o FFP1/2/3: quanto sono efficaci le mascherine?,CREATIVITÀ,22/07/2020,"10/06/2020, 12:35:27"
https://nova.ilsole24ore.com/infodata/vacanza-senza-covid-19-ecco-la-mappa-dove-andare-in-italia/,Vacanza senza Covid-19? Ecco la mappa dove andare in Italia,CREATIVITÀ,22/07/2020,"10/06/2020, 12:35:27"
https://nova.ilsole24ore.com/infodata/medicine-vs-armi-un-proiettile-costa-come-90-tamponi-2/,Medicine vs armi: un proiettile costa come 90 tamponi,CREATIVITÀ,21/07/2020,"10/06/2020, 12:35:28"
https://nova.ilsole24ore.com/infodata/scuola-inclusione-ed-equita-parole-e-concetti-spiegati-con-i-disegni/,"Scuola, inclusione ed equità. Parole e concetti spiegati con i disegni",CREATIVITÀ,21/07/2020,"10/06/2020, 12:35:28"
https://nova.ilsole24ore.com/infodata/emergenza-migranti-limpatto-su-mercato-del-lavoro-e-inclusione-sociale/,Emergenza migranti: l'impatto su mercato del lavoro e inclusione sociale,CREATIVITÀ,21/07/2020,"10/06/2020, 12:35:28"
https://nova.ilsole24ore.com/infodata/come-trascorrono-il-loro-tempo-gli-studenti-da-quando-la-scuola-e-chiusa-ipotesi-di-studio-2/,Come trascorrono il loro tempo gli studenti da quando la scuola è chiusa? Ipotesi di studio,CREATIVITÀ,20/07/2020,"10/06/2020, 12:35:28"
https://nova.ilsole24ore.com/infodata/cento-miliardi-di-messaggi-whatsapp-ogni-giorno-pensiero-critico-della-societa-data-driven-5/,Cento miliardi di messaggi WhatsApp ogni giorno. Pensiero critico della società data-driven (5),CREATIVITÀ,20/07/2020,"10/06/2020, 12:35:29"
https://nova.ilsole24ore.com/infodata/perche-gli-italiani-sono-convinti-di-indossare-le-mascherine-piu-spesso-degli-altri/,Perché gli italiani sono convinti di indossare le mascherine più spesso degli altri,CREATIVITÀ,20/07/2020,"10/06/2020, 12:35:29"
https://nova.ilsole24ore.com/infodata/che-cosa-e-il-machine-learning-e-come-usarlo-pensiero-critico-della-societa-data-driven-4-2/,Che cosa è il machine learning e come usarlo? Pensiero critico della società data-driven (4),CREATIVITÀ,19/07/2020,"10/06/2020, 12:35:29"
https://nova.ilsole24ore.com/infodata/numero-xxxxx/,Numero xxxxx,CREATIVITÀ,19/07/2020,"10/06/2020, 12:35:29"
https://nova.ilsole24ore.com/infodata/decrescita-di-sicuro-felice-mica-tanto-limpatto-della-pandemia-sulle-emissioni-di-co2-2/,"Decrescita di sicuro, felice mica tanto. L'impatto della pandemia sulle emissioni di CO2",CREATIVITÀ,19/07/2020,"10/06/2020, 12:35:30"
https://nova.ilsole24ore.com/infodata/tutti-i-soldi-del-mondo-in-una-infografica-leconomia-a-quadratini-2/,Tutti i soldi del mondo in una infografica. L'economia a quadratini,CREATIVITÀ,19/07/2020,"10/06/2020, 12:35:30"
https://nova.ilsole24ore.com/infodata/inquinamento-dove-sono-i-dati-sulla-qualita-dellaria-pensiero-critico-della-societa-data-driven-3-2/,"Inquinamento, dove sono i dati sulla qualità dell'aria? Pensiero critico della società data-driven (3)",CREATIVITÀ,18/07/2020,"10/06/2020, 12:35:30"
https://nova.ilsole24ore.com/infodata/alluvioni-e-frane-la-mappa-dellitalia-in-bilico-2/,Alluvioni e frane: la mappa dell'Italia in bilico,CREATIVITÀ,18/07/2020,"10/06/2020, 12:35:30"
https://nova.ilsole24ore.com/infodata/fase-2-distanziamento-sociale-e-lotta-di-classe-il-lockdown-sopravvivera-al-virus-2/,"Fase 2, distanziamento sociale e lotta di classe. Il lockdown sopravviverà al virus?",CREATIVITÀ,18/07/2020,"10/06/2020, 12:35:31"
https://nova.ilsole24ore.com/infodata/the-last-dance-la-fine-dei-chicago-bulls-e-i-dati-siamo-tutti-scottie-pippen-2/,"The Last Dance, la fine dei Chicago Bulls e i dati. Siamo tutti Scottie Pippen",CREATIVITÀ,17/07/2020,"10/06/2020, 12:35:31"
https://nova.ilsole24ore.com/infodata/comunicare-i-dati-vs-illustrare-i-numeri-pensiero-critico-della-societa-data-driven-2-3/,Comunicare i dati vs illustrare i numeri. Pensiero critico della società data-driven (2),CREATIVITÀ,17/07/2020,"10/06/2020, 12:35:31"
https://nova.ilsole24ore.com/infodata/turismo-alpino-e-covid-la-montagna-e-pronta-a-convivere-con-virus-2/,Turismo alpino e Covid: la montagna è pronta a convivere con virus?,CREATIVITÀ,17/07/2020,"10/06/2020, 12:35:31"
https://nova.ilsole24ore.com/infodata/tutti-i-dati-sono-locali-pensiero-critico-della-societa-data-driven-3/,Tutti i dati sono locali. Pensiero critico della società data-driven,CREATIVITÀ,16/07/2020,"10/06/2020, 12:35:32"
https://nova.ilsole24ore.com/infodata/la-pandemia-ha-tagliato-le-emissioni-globali-di-co2-ma-non-basta-2/,La pandemia ha tagliato le emissioni globali di CO2 ma non basta,CREATIVITÀ,16/07/2020,"10/06/2020, 12:35:32"
https://nova.ilsole24ore.com/infodata/covid-19-il-rischio-calcolato-e-gli-effetti-collaterali-il-punto-di-vista-della-scienza-2/,"Covid-19, il rischio calcolato e gli effetti collaterali. Il punto di vista della scienza",CREATIVITÀ,16/07/2020,"10/06/2020, 12:35:32"
https://nova.ilsole24ore.com/infodata/inquinamento-e-covid-19-esiste-una-relazione-cosa-sappiamo-finora-2/,Inquinamento e Covid-19: esiste una relazione? Cosa sappiamo finora,CREATIVITÀ,15/07/2020,"10/06/2020, 12:35:32"
https://nova.ilsole24ore.com/infodata/lorologi0-dellapocalisse-cento-secondi-alle-fine-del-mondo-e-non-e-colpa-del-coronavirus/,"L'orologi0 dell'apocalisse, cento secondi alle fine del mondo. E non è colpa del coronavirus",CREATIVITÀ,15/07/2020,"10/06/2020, 12:35:33"
https://nova.ilsole24ore.com/infodata/italiani-spazi-abitativi-scelte-di-vita-quanto-sono-piccole-le-nostre-case-2/,"Italiani, spazi abitativi, scelte di vita. Quanto sono piccole le nostre case?",CREATIVITÀ,15/07/2020,"10/06/2020, 12:35:33"
https://nova.ilsole24ore.com/infodata/solo-il-57-delle-popolazione-mondiale-vive-in-democrazie-complete-2/,"Solo il 5,7% delle popolazione mondiale vive in democrazie ""complete",CREATIVITÀ,14/07/2020,"10/06/2020, 12:35:33"
https://nova.ilsole24ore.com/infodata/la-mappa-della-matematica-i-numeri-le-forme-e-i-teoremi-2/,"La mappa della matematica, i numeri, le forme e i teoremi",CREATIVITÀ,14/07/2020,"10/06/2020, 12:35:33"
https://nova.ilsole24ore.com/infodata/rapporto-tra-occupati-e-pensionati-italia-agli-ultimi-posti-in-europa/,"Rapporto tra occupati e pensionati, Italia agli ultimi posti in Europa",CREATIVITÀ,14/07/2020,"10/06/2020, 12:35:34"
https://nova.ilsole24ore.com/infodata/fertility-gap-perche-in-italia-e-una-anomali-in-europa-2/,"Fertility gap, perché in Italia è una anomali in Europa",CREATIVITÀ,13/07/2020,"10/06/2020, 12:35:34"
https://nova.ilsole24ore.com/infodata/generazione-z-bevono-giocano-e-si-sentono-felici-ma-prendono-troppi-farmaci-4/,"Generazione Z, bevono, giocano e si sentono felici. Ma prendono troppi farmaci",CREATIVITÀ,13/07/2020,"10/06/2020, 12:35:34"
https://nova.ilsole24ore.com/infodata/1999-2019-perche-nel-campionato-italiano-si-segna-meno-che-altrove/,1999-2019: perché nel campionato italiano si segna meno che altrove,CREATIVITÀ,13/07/2020,"10/06/2020, 12:35:35"
https://nova.ilsole24ore.com/infodata/inquinamento-scopri-le-mappe-per-monitorare-lo-stato-dellaria-e-cosa-monitorano-2/,"Inquinamento, scopri le mappe per monitorare lo stato dell'aria (e cosa monitorano)",CREATIVITÀ,12/07/2020,"10/06/2020, 12:35:35"
https://nova.ilsole24ore.com/infodata/genius-loci-dove-si-concentrano-i-talenti-dellinnovazione-2/,"Genius loci, dove si concentrano i talenti dell'innovazione?",CREATIVITÀ,12/07/2020,"10/06/2020, 12:35:35"
https://nova.ilsole24ore.com/infodata/inquinamento-polveri-sottili-e-particolati-quali-sono-i-rischi-per-la-salute-2/,"Inquinamento, polveri sottili e particolati: quali sono i rischi per la salute?",CREATIVITÀ,12/07/2020,"10/06/2020, 12:35:35"
https://nova.ilsole24ore.com/infodata/la-mappa-dei-tumori-scopri-dove-in-europa-si-muore-di-piu-2/,La mappa dei tumori. Scopri dove in Europa si muore di più,CREATIVITÀ,11/07/2020,"10/06/2020, 12:35:36"
https://nova.ilsole24ore.com/infodata/ricerca-la-cina-pubblica-piu-studi-scientifici-ma-gli-usa-resano-leader-nelle-citazioni-2/,"Ricerca, la Cina pubblica più studi scientifici ma gli Usa resano leader nelle citazioni",CREATIVITÀ,11/07/2020,"10/06/2020, 12:35:36"
https://nova.ilsole24ore.com/infodata/ci-sono-paesi-in-cui-la-contraccezione-e-diminuita-in-20-anni-il-legame-e-con-i-livelli-di-istruzione/,Ci sono paesi in cui la contraccezione è diminuita in 20 anni. Il legame è con i livelli di istruzione,CREATIVITÀ,11/07/2020,"10/06/2020, 12:35:36"
https://nova.ilsole24ore.com/infodata/quanto-da-milano-alleconomia-italiana-e-quanto-riceve-seconda-puntata-2/,Quanto dà Milano all'economia italiana? E quanto riceve? (seconda puntata),CREATIVITÀ,10/07/2020,"10/06/2020, 12:35:36"
https://nova.ilsole24ore.com/infodata/quanto-da-milano-alleconomia-italiana-e-quanto-riceve-prima-puntata-2/,Quanto dà Milano all'economia italiana? E quanto riceve? (prima puntata),CREATIVITÀ,10/07/2020,"10/06/2020, 12:35:37"
https://nova.ilsole24ore.com/infodata/le-famiglie-composte-da-singoli-individui-sono-piu-esposte-alla-poverta-il-benessere-psicologico-dei-singles/,Le famiglie composte da singoli individui sono più esposte alla povertà. Il benessere psicologico dei singles,CREATIVITÀ,10/07/2020,"10/06/2020, 12:35:37"
https://nova.ilsole24ore.com/infodata/lombardia-cerca-il-fiume-scopri-quanto-e-inquinato-e-perche-e-rilevante-per-la-nostra-salute-2/,"Lombardia: cerca il fiume, scopri quanto è inquinato e perché è rilevante per la nostra salute",CREATIVITÀ,09/07/2020,"10/06/2020, 12:35:37"
https://nova.ilsole24ore.com/infodata/al-cinema-danny-trejo-e-morto-ben-sessantacinque-volte-2/,Al cinema Danny Trejo è morto. Ben sessantacinque volte.,CREATIVITÀ,09/07/2020,"10/06/2020, 12:35:37"
https://nova.ilsole24ore.com/infodata/agenda-2030-come-misureremo-la-sostenibilita-nellera-post-covid-19/,Agenda 2030: come misureremo la sostenibilità nell'era post-Covid-19?,CREATIVITÀ,09/07/2020,"10/06/2020, 12:35:37"
https://nova.ilsole24ore.com/infodata/democracy-index-solo-il-57-delle-popolazione-mondiale-vive-in-democrazie-complete-2/,"Democracy Index: solo il 5,7% delle popolazione mondiale vive in democrazie ""complete",CREATIVITÀ,08/07/2020,"10/06/2020, 12:35:38"
https://nova.ilsole24ore.com/infodata/perche-nei-paesi-ricchi-calano-le-tasse-per-lambiente-e-contro-linquinamento-2/,Perché nei Paesi ricchi calano le tasse per l'ambiente (e contro l'inquinamento)?,CREATIVITÀ,08/07/2020,"10/06/2020, 12:35:38"
https://nova.ilsole24ore.com/infodata/le-famiglie-italiane-stanno-diventando-sempre-piu-piccole/,Le famiglie italiane stanno diventando sempre più piccole,CREATIVITÀ,08/07/2020,"10/06/2020, 12:35:38"
https://nova.ilsole24ore.com/infodata/perche-litalia-e-ultima-in-europa-per-uso-dei-social-network/,Perché l'Italia è ultima in Europa per uso dei social network?,CREATIVITÀ,07/07/2020,"10/06/2020, 12:35:38"
https://nova.ilsole24ore.com/infodata/fertility-gap-perche-in-italia-il-divario-e-peggiore-di-molti-altri-paesi-2/,"Fertility gap, perché in Italia il divario è peggiore di molti altri Paesi",CREATIVITÀ,07/07/2020,"10/06/2020, 12:35:39"
https://nova.ilsole24ore.com/infodata/le-coppie-che-convivono-sono-sempre-di-piu-ma-spesso-restano-senza-diritti/,"Le coppie che convivono sono sempre di più, ma spesso restano senza diritti",CREATIVITÀ,07/07/2020,"10/06/2020, 12:35:39"
https://nova.ilsole24ore.com/infodata/dati-e-politica-biden-usa-un-grafico-contro-trump/,"Dati e politica, Biden usa un grafico contro Trump",CREATIVITÀ,06/07/2020,"10/06/2020, 12:35:39"
https://nova.ilsole24ore.com/infodata/limpatto-del-covid-19-sulla-nostra-dieta-mediatica-e-sul-giornalismo/,L'impatto del Covid-19 sulla nostra dieta mediatica e sul giornalismo,CREATIVITÀ,06/07/2020,"10/06/2020, 12:35:39"
https://nova.ilsole24ore.com/infodata/come-hanno-realizzato-il-timelapse-del-sole-da-20-milioni-di-gigabye/,Come hanno realizzato il timelapse del Sole da 20 milioni di Gigabye,CREATIVITÀ,05/07/2020,"10/06/2020, 12:35:40"
https://nova.ilsole24ore.com/infodata/siamo-sempre-piu-poveri-ma-quanto-il-calcolatore-di-disuguaglianza-economica/,Siamo sempre più poveri. Ma quanto? Il calcolatore di disuguaglianza economica,CREATIVITÀ,05/07/2020,"10/06/2020, 12:35:40"
https://nova.ilsole24ore.com/infodata/leffetto-covid-19-sulle-startup-lecosistema-italiano-raccontato-in-tre-grafici/,L'effetto Covid-19 sulle startup: l'ecosistema italiano raccontato in tre grafici,CREATIVITÀ,05/07/2020,"10/06/2020, 12:35:40"
https://nova.ilsole24ore.com/infodata/covid-19-nessuno-perdera-il-lavoro-ecco-dove-e-piu-alta-la-perdita-occupazionale/,"Covid-19, nessuno perderà il lavoro? Ecco dove è più alta la perdita occupazionale",CREATIVITÀ,05/07/2020,"10/06/2020, 12:35:40"
https://nova.ilsole24ore.com/infodata/il-first-person-shooter-senza-armi-per-esplorare-i-numeri-degli-italiani-in-vancanza/,Il First person shooter (senza armi) per esplorare i numeri degli italiani in vancanza,CREATIVITÀ,04/07/2020,"10/06/2020, 12:35:41"
https://nova.ilsole24ore.com/infodata/chi-sono-i-detrattori-dellapp-piu-odiata-dagli-italiani/,Chi sono i detrattori dell'app più odiata dagli italiani?,CREATIVITÀ,04/07/2020,"10/06/2020, 12:35:41"
https://nova.ilsole24ore.com/infodata/il-covid-19-e-le-rimesse-degli-immigrati-previsto-un-calo-storico-del-20/,Il Covid-19 e le rimesse degli immigrati. Previsto un calo storico del 20%,CREATIVITÀ,04/07/2020,"10/06/2020, 12:35:41"
https://nova.ilsole24ore.com/infodata/track-the-recovery-le-conseguenze-del-covid-19-sulleconomia-usa/,Track the recovery: le conseguenze del Covid-19 sull'economia Usa,CREATIVITÀ,04/07/2020,"10/06/2020, 12:35:41"
https://nova.ilsole24ore.com/infodata/scopri-limpatto-del-covid-19-sulla-mortalita-nelle-province-europee/,Scopri l'impatto del Covid-19 sulla mortalità nelle province europee,CREATIVITÀ,04/07/2020,"10/06/2020, 12:35:42"
https://nova.ilsole24ore.com/infodata/il-first-person-shooter-senza-armi-per-esplorare-le-statistiche-degli-italiani-in-vancanza/,Il First person shooter (senza armi) per esplorare le statistiche degli italiani in vancanza,CREATIVITÀ,03/07/2020,"10/06/2020, 12:35:42"
https://nova.ilsole24ore.com/infodata/siamo-sempre-piu-poveri-ma-quanto-il-calcolatore-di-disuguaglianza-economica-e-sociale-dellocse/,Siamo sempre più poveri. Ma quanto? Il calcolatore di disuguaglianza economica e sociale dell'Ocse,CREATIVITÀ,03/07/2020,"10/06/2020, 12:35:42"
https://nova.ilsole24ore.com/infodata/scuola-calcola-quanto-spazio-ha-a-disposizione-tuo-figlio-in-classe/,"Scuola, calcola quanto spazio ha a disposizione tuo figlio in classe",CREATIVITÀ,03/07/2020,"10/06/2020, 12:35:42"
https://nova.ilsole24ore.com/infodata/lmpatto-del-covid-19-sul-fatturato-calcola-il-rischio-default-delle-imprese-italiane/,L'mpatto del Covid-19 sul fatturato: calcola il rischio default delle imprese italiane,CREATIVITÀ,02/07/2020,"10/06/2020, 12:35:43"
https://nova.ilsole24ore.com/infodata/leffetto-covid-19-sulle-startup-arriva-un-miliardo-di-euro-ma-una-su-quattro-rischia-di-sparire/,L'effetto Covid-19 sulle startup: arriva un miliardo di euro ma una su quattro rischia di sparire,CREATIVITÀ,02/07/2020,"10/06/2020, 12:35:43"
https://nova.ilsole24ore.com/infodata/come-hanno-realizzato-il-timelapse-del-sole-da-20-milioni-di-gigabye-di-dati/,Come hanno realizzato il timelapse del Sole da 20 milioni di Gigabye di dati,CREATIVITÀ,01/07/2020,"10/06/2020, 12:35:43"
https://nova.ilsole24ore.com/infodata/perche-litalia-e-ultima-in-europa-per-uso-dei-social-network-qualche-ipotesi-e-una-certezza/,Perché l'Italia è ultima in Europa per uso dei social network? Qualche ipotesi e una certezza,CREATIVITÀ,01/07/2020,"10/06/2020, 12:35:43"
https://nova.ilsole24ore.com/infodata/covid-19-nessuno-perdera-il-lavoro-ecco-dove-e-piu-alta-la-perdita-occupazionale-i-giovani-i-piu-colpiti/,"Covid-19, nessuno perderà il lavoro? Ecco dove è più alta la perdita occupazionale. I giovani i più colpiti",CREATIVITÀ,01/07/2020,"10/06/2020, 12:35:44"
https://nova.ilsole24ore.com/infodata/immuni-e-lanalfabetismo-digitale-chi-sono-i-detrattori-dellapp-piu-odiata-dagli-italiani/,Immuni e l'analfabetismo digitale. Chi sono i detrattori dell'app più odiata dagli italiani,CREATIVITÀ,30/06/2020,"10/06/2020, 12:35:44"
https://nova.ilsole24ore.com/infodata/il-covid-19-affonda-le-rimesse-degli-immigrati-previsto-un-calo-storico-del-20/,Il Covid-19 affonda le rimesse degli immigrati. Previsto un calo storico del 20%,CREATIVITÀ,30/06/2020,"10/06/2020, 12:35:44"
https://nova.ilsole24ore.com/infodata/track-the-recovery-le-conseguenze-del-covid-19-sulleconomia-usa-lanalisi-di-raj-chetty/,Track the recovery: le conseguenze del Covid-19 sull'economia Usa. L'analisi di Raj Chetty,CREATIVITÀ,29/06/2020,"10/06/2020, 12:35:44"
https://nova.ilsole24ore.com/infodata/covid-19-scopri-limpatto-sulla-mortalita-nelle-province-europee/,"Covid-19, scopri l'impatto sulla mortalità nelle province europee",CREATIVITÀ,29/06/2020,"10/06/2020, 12:35:45"
https://nova.ilsole24ore.com/infodata/great-lockdown-perche-questa-e-una-crisi-diversa-dalle-altre/,"Great Lockdown, perché questa è una crisi diversa dalle altre",CREATIVITÀ,28/06/2020,"10/06/2020, 12:35:45"
https://nova.ilsole24ore.com/infodata/covid-19-il-crollo-del-commercio-mondiale-in-quattro-grafici/,"Covid-19, il crollo del commercio mondiale in quattro grafici",CREATIVITÀ,28/06/2020,"10/06/2020, 12:35:45"
https://nova.ilsole24ore.com/infodata/come-stanno-i-nostri-ragazzi-un-adolescente-su-6-al-mondo-ha-pensato-al-suicidio-nellultimo-anno/,Come stanno i nostri ragazzi? Un adolescente su 6 al mondo ha pensato al suicidio nell'ultimo anno,CREATIVITÀ,28/06/2020,"10/06/2020, 12:35:45"
https://nova.ilsole24ore.com/infodata/tik-tok-trump-e-i-sondaggi-per-la-corsa-alla-casa-bianca-un-breve-riassunto/,"Tik Tok, Trump e i sondaggi per la corsa alla Casa Bianca. Un breve riassunto",CREATIVITÀ,28/06/2020,"10/06/2020, 12:35:46"
https://nova.ilsole24ore.com/infodata/chi-si-interessa-di-politica-in-italia-sempre-meno-persone-e-chi-ne-avrebbe-piu-bisogno/,Chi si interessa di politica in Italia? Sempre meno persone e chi ne avrebbe più bisogno,CREATIVITÀ,28/06/2020,"10/06/2020, 12:35:46"
https://nova.ilsole24ore.com/infodata/countdown-verso-la-fine-della-pandemia-quello-che-sappiamo-del-caso-del-falso-positivo-a-crotone/,Countdown verso la fine della pandemia: quello che sappiamo del caso del falso positivo a Crotone,CREATIVITÀ,27/06/2020,"10/06/2020, 12:35:46"
https://nova.ilsole24ore.com/infodata/come-si-misura-il-turismo-nella-fase-2/,Come si misura il turismo nella Fase 2?,CREATIVITÀ,27/06/2020,"10/06/2020, 12:35:46"
https://nova.ilsole24ore.com/infodata/lockdown-ambiente-e-consumo-di-carne-in-italia-si-macella-di-meno/,"Lockdown, ambiente e consumo di carne. In Italia si macella di meno",CREATIVITÀ,27/06/2020,"10/06/2020, 12:35:47"
https://nova.ilsole24ore.com/infodata/consip-le-tre-mappe-per-tracciare-gli-acquisti-della-pa/,"Consip, le tre mappe per tracciare gli acquisti della Pa",CREATIVITÀ,27/06/2020,"10/06/2020, 12:35:47"
https://nova.ilsole24ore.com/infodata/logistica-come-si-misura-la-globalizzazione-colpita-dal-lockdown/,"Logistica, come si misura la globalizzazione colpita dal lockdown?",CREATIVITÀ,27/06/2020,"10/06/2020, 12:35:47"
https://nova.ilsole24ore.com/infodata/la-partecipazione-politica-in-italia-e-la-disuguaglianza-i-piu-svantaggiati-sono-i-meno-interessati/,La partecipazione politica in Italia e la disuguaglianza.I più svantaggiati sono i meno interessati,CREATIVITÀ,26/06/2020,"10/06/2020, 12:35:47"
https://nova.ilsole24ore.com/infodata/un-adolescente-su-6-al-mondo-ha-pensato-al-suicidio-nellultimo-anno-e-gli-africani-stanno-peggio-di-tutti/,Un adolescente su 6 al mondo ha pensato al suicidio nell'ultimo anno. E gli africani stanno peggio di tutti,CREATIVITÀ,26/06/2020,"10/06/2020, 12:35:48"
https://nova.ilsole24ore.com/infodata/covid-19-il-commercio-mondiale-e-crollato-import-export-e-globalizzazione-in-quattro-grafici/,"Covid-19, il commercio mondiale è crollato. Import, export e globalizzazione in quattro grafici",CREATIVITÀ,25/06/2020,"10/06/2020, 12:35:48"
https://nova.ilsole24ore.com/infodata/quello-che-sappiamo-del-caso-del-16enne-egiziano-falso-positivo-al-covid-19-a-crotone/,Quello che sappiamo del caso del 16enne egiziano falso positivo al Covid-19 a Crotone,CREATIVITÀ,25/06/2020,"10/06/2020, 12:35:48"
https://nova.ilsole24ore.com/infodata/great-lockdown-perche-questa-e-una-crisi-diversa-dalle-altre-la-spiegazione-in-tre-grafici/,"Great Lockdown, perché questa è una crisi diversa dalle altre. La spiegazione in tre grafici",CREATIVITÀ,24/06/2020,"10/06/2020, 12:35:48"
https://nova.ilsole24ore.com/infodata/gli-asili-nido-possono-accogliere-solo-1-bimbo-su-4-scopri-cosa-succede-nella-tua-provincia/,Gli asili nido possono accogliere solo 1 bimbo su 4. Scopri cosa succede nella tua provincia,CREATIVITÀ,24/06/2020,"10/06/2020, 12:35:49"
https://nova.ilsole24ore.com/infodata/come-si-misura-il-turismo-nella-fase-2-le-ipotesi-di-studio-di-istat-e-banca-ditalia/,Come si misura il turismo nella Fase 2? Le ipotesi di studio di Istat e Banca d'Italia,CREATIVITÀ,24/06/2020,"10/06/2020, 12:35:49"
https://nova.ilsole24ore.com/infodata/tik-tok-umila-trump-ma-gli-americani-non-votano-con-i-social-network/,Tik Tok umila Trump? Ma gli americani non votano con i social network,CREATIVITÀ,23/06/2020,"10/06/2020, 12:35:49"
https://nova.ilsole24ore.com/infodata/consip-le-tre-mappe-per-tracciare-gli-acquisti-della-pubblica-amministrazione/,"Consip, le tre mappe per tracciare gli acquisti della Pubblica amministrazione",CREATIVITÀ,23/06/2020,"10/06/2020, 12:35:49"
https://nova.ilsole24ore.com/infodata/in-italia-si-macella-meno-carne-rossa-attenzione-alla-dieta-o-effetto-lockdown/,In Italia si macella meno carne rossa: attenzione alla dieta o effetto lockdown?,CREATIVITÀ,22/06/2020,"10/06/2020, 12:35:50"
https://nova.ilsole24ore.com/infodata/il-barometro-della-logistica-come-si-misura-la-globalizzazione-colpita-dal-lockdown/,Il barometro della logistica: come si misura la globalizzazione colpita dal lockdown?,CREATIVITÀ,22/06/2020,"10/06/2020, 12:35:50"
https://nova.ilsole24ore.com/infodata/che-cosa-e-il-machine-learning-e-come-usarlo-pensiero-critico-della-societa-data-driven-4/,Che cosa è il machine learning e come usarlo? Pensiero critico della società data-driven (4),CREATIVITÀ,21/06/2020,"10/06/2020, 12:35:50"
https://nova.ilsole24ore.com/infodata/il-cambiamento-climatico-misurato-nei-comuni-ditalia-scopri-come-vanno-le-cose-nel-tuo/,Il cambiamento climatico misurato nei comuni d'Italia. Scopri come vanno le cose nel tuo,CREATIVITÀ,21/06/2020,"10/06/2020, 12:35:50"
https://nova.ilsole24ore.com/infodata/il-covid-19-lautomazione-e-il-futuro-delloccupazione-in-europa-tutto-spiegato-in-una-mappa/,"Il Covid-19, l'automazione e il futuro dell'occupazione in Europa. Tutto spiegato in una mappa",CREATIVITÀ,21/06/2020,"10/06/2020, 12:35:51"
https://nova.ilsole24ore.com/infodata/poverta-che-fine-hanno-fatto-i-senza-tetto-durante-la-pandemia/,"Povertà, che fine hanno fatto i senza tetto durante la pandemia?",CREATIVITÀ,21/06/2020,"10/06/2020, 12:35:51"
https://nova.ilsole24ore.com/infodata/limpatto-del-covid-19-sulla-speranza-di-vita-la-popolazione-italiana-si-ridurra-di-tre-milioni-entro-2035/,L'impatto del Covid-19 sulla speranza di vita. La popolazione italiana si ridurrà di tre milioni entro 2035,CREATIVITÀ,20/06/2020,"10/06/2020, 12:35:51"
https://nova.ilsole24ore.com/infodata/scopri-chi-ha-finanziato-associazioni-comitati-e-fondazioni-tutti-i-nomi-e-soldi/,"Scopri chi ha finanziato associazioni, comitati e fondazioni. Tutti i nomi (e soldi)",CREATIVITÀ,20/06/2020,"10/06/2020, 12:35:51"
https://nova.ilsole24ore.com/infodata/i-nostri-auguri-a-francesco-guccini-che-ha-compiuto-80-anni-la-poetica-del-cantautore-raccontata-con-i-numeri/,I nostri auguri a Francesco Guccini che ha compiuto 80 anni. La poetica del cantautore raccontata con i numeri,CREATIVITÀ,20/06/2020,"10/06/2020, 12:35:52"
https://nova.ilsole24ore.com/infodata/disoccupazione-in-calo-euro-forte-e-inflazione-moderata-come-era-leuropa-prima-del-covid-19/,"Disoccupazione in calo, euro forte e inflazione moderata: come era l'Europa prima del Covid-19",CREATIVITÀ,20/06/2020,"10/06/2020, 12:35:52"
https://nova.ilsole24ore.com/infodata/cambiamento-climatico-scopri-quali-sono-i-comuni-piu-surriscaldati-ditalia/,"Cambiamento climatico, scopri quali sono i comuni più surriscaldati d'Italia",CREATIVITÀ,19/06/2020,"10/06/2020, 12:35:52"
https://nova.ilsole24ore.com/infodata/maturita-2020-in-bocca-al-lupo-a-tutti-gli-studenti-se-volete-scoprire-come-e-andata-lanno-scorso/,Maturità 2020: in bocca al lupo a tutti gli studenti. Se volete scoprire come è andata l'anno scorso..,CREATIVITÀ,19/06/2020,"10/06/2020, 12:35:52"
https://nova.ilsole24ore.com/infodata/poverta-che-fine-hanno-fatto-i-senza-tetto-con-il-covid-19-i-giovani-sono-i-piu-vulnerabili/,"Povertà, che fine hanno fatto i senza tetto? Con il Covid-19 i giovani sono i più vulnerabili",CREATIVITÀ,19/06/2020,"10/06/2020, 12:35:52"
https://nova.ilsole24ore.com/infodata/soldi-e-politica-ecco-quanto-incassano-fondazioni-e-associazioni/,"Soldi e politica, ecco quanto incassano fondazioni e associazioni",CREATIVITÀ,18/06/2020,"10/06/2020, 12:35:53"
https://nova.ilsole24ore.com/infodata/il-covid-19-lautomazione-e-il-futuro-delloccupazione-in-europa-la-nuova-mappa-del-lavoro/,"Il Covid-19, l'automazione e il futuro dell'occupazione in Europa. La nuova mappa del lavoro",CREATIVITÀ,18/06/2020,"10/06/2020, 12:35:53"
https://nova.ilsole24ore.com/infodata/limpatto-del-covid-19-sulle-speranza-di-vita-come-si-calcola/,L'impatto del Covid-19 sulle speranza di vita. Come si calcola,CREATIVITÀ,16/06/2020,"10/06/2020, 12:35:53"
https://nova.ilsole24ore.com/infodata/limpatto-del-covid-19-sulle-speranza-di-vita-come-sono-cambiate-le-nostre-proiezioni-demografiche/,L'impatto del Covid-19 sulle speranza di vita. Come sono cambiate le nostre proiezioni demografiche,CREATIVITÀ,16/06/2020,"10/06/2020, 12:35:53"
https://nova.ilsole24ore.com/infodata/come-sta-andando-il-contagio-in-valle-daosta-i-dati-della-seconda-regione-ditalia-per-decessi/,Come sta andando il contagio in Valle D'Aosta? I dati della seconda regione d'Italia per decessi,CREATIVITÀ,16/06/2020,"10/06/2020, 12:35:54"
https://nova.ilsole24ore.com/infodata/cosa-abbiamo-fatto-durante-il-lockdown-ve-lo-diciamo-con-cinque-grafici-e-numerose-parole/,Cosa abbiamo fatto durante il lockdown? Ve lo diciamo con cinque grafici (e numerose parole),CREATIVITÀ,15/06/2020,"10/06/2020, 12:35:54"
https://nova.ilsole24ore.com/infodata/leconomia-europea-da-inizio-del-millennio-come-eravamo-prima-del-covid-19/,L'economia europea da inizio del millennio. Come eravamo prima del Covid-19,CREATIVITÀ,15/06/2020,"10/06/2020, 12:35:54"
https://nova.ilsole24ore.com/infodata/noi-siamo-gli-oggetti-che-compriamo-conseguenze-del-lockdown-e-memorie-di-consumismo/,Noi siamo gli oggetti che compriamo? Conseguenze del lockdown e memorie di consumismo,CREATIVITÀ,15/06/2020,"10/06/2020, 12:35:54"
https://nova.ilsole24ore.com/infodata/ecco-le-startup-e-gli-unicorni-che-hanno-licenziato-linnovazione-non-e-immune-al-covid-19/,Ecco le startup e gli unicorni che hanno licenziato. L'innovazione non è immune al Covid-19,CREATIVITÀ,15/06/2020,"10/06/2020, 12:35:55"
https://nova.ilsole24ore.com/infodata/cyberbullismo-stalking-e-reati-sessuali-su-minorenni-i-numeri-che-fanno-paura/,"Cyberbullismo, stalking e reati sessuali su minorenni. I numeri che fanno paura",CREATIVITÀ,15/06/2020,"10/06/2020, 12:35:55"
https://nova.ilsole24ore.com/infodata/turismo-il-covid-19-ha-allontanato-81-milioni-di-visitatori-i-numeri-spiegati-bene/,"Turismo, il Covid-19 ha ""allontanato"" 81 milioni di visitatori. I numeri spiegati bene",CREATIVITÀ,14/06/2020,"10/06/2020, 12:35:55"
https://nova.ilsole24ore.com/infodata/quanta-energia-serve-per-combattere-il-covid-19-ecco-chi-non-ha-accesso-allelettricita/,Quanta energia serve per combattere il Covid-19. Ecco chi non ha accesso all'elettricità,CREATIVITÀ,14/06/2020,"10/06/2020, 12:35:55"
https://nova.ilsole24ore.com/infodata/francesco-guccini-compie-80-anni-la-poetica-del-cantautore-raccontata-con-i-numeri/,Francesco Guccini compie 80 anni. La poetica del cantautore raccontata con i numeri,CREATIVITÀ,14/06/2020,"10/06/2020, 12:35:56"
https://nova.ilsole24ore.com/infodata/digitale-perche-litalia-perde-posizioni-spoiler-non-e-colpa-del-covid-19/,"Digitale, perché l'Italia perde posizioni? Spoiler: non è colpa del Covid-19",CREATIVITÀ,14/06/2020,"10/06/2020, 12:35:56"
https://nova.ilsole24ore.com/infodata/newsgame-e-gli-spazi-del-giornalismo-pensiero-critico-della-societa-data-driven-4/,Newsgame e gli spazi del giornalismo. Pensiero critico della società data-driven (4),CREATIVITÀ,13/06/2020,"10/06/2020, 12:35:56"
https://nova.ilsole24ore.com/infodata/pil-produzione-industriale-e-risparmio-le-previsioni-per-litalia-e-tre-grafici-per-approfondire-2/,"Pil, produzione industriale e risparmio: le previsioni per l'Italia e tre grafici per approfondire",CREATIVITÀ,13/06/2020,"10/06/2020, 12:35:56"
https://nova.ilsole24ore.com/infodata/ecco-le-citta-usa-dove-la-segregazione-etnica-e-ancora-presente-il-dissimilarity-index/,Ecco le città Usa dove la segregazione etnica è ancora presente. Il dissimilarity index,CREATIVITÀ,13/06/2020,"10/06/2020, 12:35:57"
https://nova.ilsole24ore.com/infodata/il-gap-etnico-delluniversita-oggi-la-disuguaglianza-negli-stati-uniti/,Il gap etnico dell'università oggi. La disuguaglianza negli Stati Uniti,CREATIVITÀ,13/06/2020,"10/06/2020, 12:35:57"
https://nova.ilsole24ore.com/infodata/cyberbullismo-violenza-e-reati-sessuali-su-e-fra-minorenni/,"Cyberbullismo, violenza e reati sessuali su (e fra) minorenni.",CREATIVITÀ,12/06/2020,"10/06/2020, 12:35:57"
https://nova.ilsole24ore.com/infodata/dove-si-concentra-il-peso-della-crisi-i-numeri-della-disoccupazione-il-nodo-degli-inattivi/,Dove si concentra il peso della crisi? I numeri della disoccupazione il nodo degli inattivi,CREATIVITÀ,12/06/2020,"10/06/2020, 12:35:57"
https://nova.ilsole24ore.com/infodata/digitale-italia-quartultima-in-europa-perse-due-posizioni-e-no-non-e-colpa-del-covid-19/,"Digitale, Italia quartultima in Europa. Perse due posizioni. E no, non è colpa del Covid-19",CREATIVITÀ,11/06/2020,"10/06/2020, 12:35:58"
https://nova.ilsole24ore.com/infodata/quanta-energia-serve-per-combattere-il-virus-covid-19-il-ritardo-sulle-rinnovabile-e-chi-non-ha-accesso-allelettricita/,Quanta energia serve per combattere il virus Covid-19. Il ritardo sulle rinnovabile e chi non ha accesso all'elettricità,CREATIVITÀ,11/06/2020,"10/06/2020, 12:35:58"
https://nova.ilsole24ore.com/infodata/turismo-litalia-e-al-primo-posto-in-europa-il-covid-19-ha-allontanato-81-milioni-di-visitatori/,"Turismo, l'Italia è al primo posto in Europa. Il Covid-19 ha ""allontanato"" 81 milioni di visitatori",CREATIVITÀ,10/06/2020,"10/06/2020, 12:35:58"
https://nova.ilsole24ore.com/infodata/silicon-valley-ecco-le-startup-e-gli-unicorni-che-hanno-licenziato-linnovazione-non-e-immune-al-covid-19/,Silicon Valley: ecco le startup e gli unicorni che hanno licenziato. L'innovazione non è immune al Covid-19,CREATIVITÀ,10/06/2020,"10/06/2020, 12:35:58"
https://nova.ilsole24ore.com/infodata/pil-produzione-industriale-e-risparmio-le-previsioni-per-litalia-e-tre-grafici-per-approfondire/,"Pil, produzione industriale e risparmio: le previsioni per l'Italia e tre grafici per approfondire",CREATIVITÀ,09/06/2020,"10/06/2020, 12:35:59"
https://nova.ilsole24ore.com/infodata/stati-uniti-ecco-le-citta-dove-la-segregazione-etnica-e-ancora-presente-anche-a-scuola/,"Stati Uniti: ecco le città dove la segregazione etnica è ancora presente, anche a scuola",CREATIVITÀ,09/06/2020,"10/06/2020, 12:35:59"
https://nova.ilsole24ore.com/infodata/newsgame-i-limiti-del-gioco-e-gli-spazi-del-giornalismo-pensiero-critico-della-societa-data-driven-4/,"Newsgame, i limiti del gioco e gli spazi del giornalismo. Pensiero critico della società data-driven (4)",CREATIVITÀ,08/06/2020,"10/06/2020, 12:35:59"
https://nova.ilsole24ore.com/infodata/i-bianchi-si-laureano-ancora-molto-piu-dei-neri-il-gap-etnico-delluniversita-americana-oggi/,I bianchi si laureano ancora molto più dei neri. Il gap etnico dell'università americana oggi,CREATIVITÀ,08/06/2020,"10/06/2020, 12:35:59"
https://nova.ilsole24ore.com/infodata/scuola-e-didattica-a-distanza-ecco-i-bambini-e-i-ragazzi-che-sono-rimasti-indietro/,Scuola e didattica a distanza: ecco i bambini e i ragazzi che sono rimasti indietro,CREATIVITÀ,08/06/2020,"10/06/2020, 12:36:00"
https://nova.ilsole24ore.com/infodata/limpatto-psicologico-ed-economico-del-coronavirus-sui-giovani-europei/,L'impatto psicologico (ed economico) del Coronavirus sui giovani europei,CREATIVITÀ,07/06/2020,"10/06/2020, 12:36:00"
https://nova.ilsole24ore.com/infodata/alluvioni-e-frane-la-mappa-dellitalia-in-bilico/,Alluvioni e frane: la mappa dell'Italia in bilico,CREATIVITÀ,07/06/2020,"10/06/2020, 12:36:00"
https://nova.ilsole24ore.com/infodata/gli-indicatori-per-misurare-lallarme-globale-sulla-biodiversita-prima-puntata/,Gli indicatori per misurare l'allarme globale sulla biodiversità (Prima puntata),CREATIVITÀ,07/06/2020,"10/06/2020, 12:36:00"
https://nova.ilsole24ore.com/infodata/cronaca-critica-della-diffusione-dei-dati-quarta-puntata/,Cronaca critica della diffusione (dei dati). Quarta puntata,CREATIVITÀ,07/06/2020,"10/06/2020, 12:36:01"
https://nova.ilsole24ore.com/infodata/trump-e-i-suoi-tweets-cronaca-e-numeri-di-una-giornata-sui-social/,Trump e i suoi tweets: cronaca e numeri di una giornata sui social,CREATIVITÀ,07/06/2020,"10/06/2020, 12:36:01"
https://nova.ilsole24ore.com/infodata/milano-capitale-del-fitness-in-lombardia-34-milioni-di-frequentanti/,"Milano capitale del fitness. In lombardia 3,4 milioni di frequentanti",CREATIVITÀ,07/06/2020,"10/06/2020, 12:36:01"
https://nova.ilsole24ore.com/infodata/come-sta-la-comunita-afro-americana-i-grafici-su-disoccupazione-reddito-e-istruzione/,"Come sta la comunità afro-americana? I grafici su disoccupazione, reddito e istruzione",CREATIVITÀ,06/06/2020,"10/06/2020, 12:36:01"
https://nova.ilsole24ore.com/infodata/i-numeri-della-violenza-della-polizia-usa-ecco-come-e-cambiata-la-geografia-degli-omicidi/,I numeri della violenza della polizia Usa: ecco come è cambiata la geografia degli omicidi,CREATIVITÀ,06/06/2020,"10/06/2020, 12:36:02"
https://nova.ilsole24ore.com/infodata/razzismo-usa-tre-mappe-dellodio-e-qualche-numero-per-approfondire/,Razzismo Usa: tre mappe dell'odio (e qualche numero) per approfondire,CREATIVITÀ,06/06/2020,"10/06/2020, 12:36:02"
https://nova.ilsole24ore.com/infodata/trump-doppia-il-papa-per-follower-su-twitter-cronaca-e-numeri-di-una-sua-giornata-social/,"Trump ""doppia"" il Papa per follower su Twitter. Cronaca e numeri di una sua giornata social",CREATIVITÀ,05/06/2020,"10/06/2020, 12:36:02"
https://nova.ilsole24ore.com/infodata/disuguaglianza-made-in-usa-come-sta-la-comunita-afro-americana-disoccupazione-reddito-e-istruzione/,"Disuguaglianza made in Usa. Come sta la comunità afro-americana? Disoccupazione, reddito e istruzione",CREATIVITÀ,05/06/2020,"10/06/2020, 12:36:02"
https://nova.ilsole24ore.com/infodata/gli-indicatori-per-misurare-lallarme-globale-sulla-biodiversita/,Gli indicatori per misurare l'allarme globale sulla biodiversità,CREATIVITÀ,05/06/2020,"10/06/2020, 12:36:03"
https://nova.ilsole24ore.com/infodata/italia-in-bilico-ci-sono-almeno-620-783-frane-a-rischio-oltre-12-milioni-di-persone/,"Italia in bilico, ci sono almeno 620.783 frane, a rischio oltre 1,2 milioni di persone",CREATIVITÀ,04/06/2020,"10/06/2020, 12:36:03"
https://nova.ilsole24ore.com/infodata/quanto-e-diffusa-la-violenza-della-polizia-negli-stati-uniti-in-sette-anni-sono-morte-7-663-persone/,Quanto è diffusa la violenza della polizia negli Stati Uniti? In sette anni sono morte 7.663 persone,CREATIVITÀ,04/06/2020,"10/06/2020, 12:36:03"
https://nova.ilsole24ore.com/infodata/solitudine-pessimismo-e-paura-limpatto-psicologico-ed-economico-del-coronavirus-sui-giovani-europei/,"Solitudine, pessimismo e paura: l'impatto psicologico (ed economico) del Coronavirus sui giovani europei",CREATIVITÀ,03/06/2020,"10/06/2020, 12:36:03"
https://nova.ilsole24ore.com/infodata/il-virus-ha-contagiato-il-videogioco-cronaca-della-mutazione-genetica-di-una-industria/,Il virus ha contagiato il videogioco. Cronaca della mutazione genetica di una industria,CREATIVITÀ,03/06/2020,"10/06/2020, 12:36:04"
https://nova.ilsole24ore.com/infodata/razzismo-usa-le-mappe-dellodio-tre-luoghi-e-qualche-dato-per-capire-cosa-sta-accadendo/,Razzismo Usa: le mappe dell'odio. Tre luoghi e qualche dato per capire cosa sta accadendo,CREATIVITÀ,02/06/2020,"10/06/2020, 12:36:04"
https://nova.ilsole24ore.com/infodata/covid-19-e-democrazia-cosi-il-virus-sta-bloccando-le-elezioni-politiche-nel-mondo/,Covid-19 e democrazia: Così il virus sta bloccando le elezioni politiche nel mondo,CREATIVITÀ,02/06/2020,"10/06/2020, 12:36:04"
https://nova.ilsole24ore.com/infodata/inquinamento-dove-sono-i-dati-sulla-qualita-dellaria-pensiero-critico-della-societa-data-driven-3/,"Inquinamento, dove sono i dati sulla qualità dell'aria? Pensiero critico della società data-driven (3)",CREATIVITÀ,01/06/2020,"10/06/2020, 12:36:04"
https://nova.ilsole24ore.com/infodata/dai-numeri-agli-indicatori-cronaca-critica-della-diffusione-dei-dati-quarta-puntata/,Dai numeri agli indicatori: cronaca critica della diffusione (dei dati). Quarta puntata,CREATIVITÀ,01/06/2020,"10/06/2020, 12:36:05"
https://nova.ilsole24ore.com/infodata/riaprono-palestre-e-piscine-milano-capitale-del-fitness-in-lombardia-34-milioni-di-frequentanti/,"Riaprono palestre e piscine. Milano capitale del fitness. In lombardia 3,4 milioni di frequentanti",CREATIVITÀ,01/06/2020,"10/06/2020, 12:36:05"
https://nova.ilsole24ore.com/infodata/comunicare-i-dati-vs-illustrare-i-numeri-pensiero-critico-della-societa-data-driven-2-2/,Comunicare i dati vs illustrare i numeri. Pensiero critico della società data-driven (2),CREATIVITÀ,31/05/2020,"10/06/2020, 12:36:05"
https://nova.ilsole24ore.com/infodata/la-pandemia-ha-tagliato-le-emissioni-globali-di-co2-ma-non-basta/,La pandemia ha tagliato le emissioni globali di CO2 ma non basta,CREATIVITÀ,31/05/2020,"10/06/2020, 12:36:05"
https://nova.ilsole24ore.com/infodata/tutti-i-soldi-del-mondo-in-una-infografica-leconomia-a-quadratini/,Tutti i soldi del mondo in una infografica. L'economia a quadratini,CREATIVITÀ,31/05/2020,"10/06/2020, 12:36:06"
https://nova.ilsole24ore.com/infodata/come-trascorrono-il-loro-tempo-gli-studenti-da-quando-la-scuola-e-chiusa-ipotesi-di-studio/,Come trascorrono il loro tempo gli studenti da quando la scuola è chiusa? Ipotesi di studio,CREATIVITÀ,31/05/2020,"10/06/2020, 12:36:06"
https://nova.ilsole24ore.com/infodata/tutti-i-dati-sono-locali-pensiero-critico-della-societa-data-driven-2/,Tutti i dati sono locali. Pensiero critico della società data-driven,CREATIVITÀ,30/05/2020,"10/06/2020, 12:36:06"
https://nova.ilsole24ore.com/infodata/cassa-integrazione-in-aprile-autorizzate-le-stesse-ore-dellintero-2009-come-andra-con-il-covid/,"Cassa integrazione, in aprile autorizzate le stesse ore dell'intero 2009. Come andrà con il Covid?",CREATIVITÀ,30/05/2020,"10/06/2020, 12:36:06"
https://nova.ilsole24ore.com/infodata/trapani-e-caduta-ora-e-crotone-lunica-provincia-senza-covid/,Trapani è caduta: ora è Crotone l'unica provincia senza Covid,CREATIVITÀ,30/05/2020,"10/06/2020, 12:36:07"
https://nova.ilsole24ore.com/infodata/turismo-alpino-e-covid-la-montagna-e-pronta-a-convivere-con-virus/,Turismo alpino e Covid: la montagna è pronta a convivere con virus?,CREATIVITÀ,30/05/2020,"10/06/2020, 12:36:07"
https://nova.ilsole24ore.com/infodata/comunicare-i-dati-vs-illustrare-i-numeri-pensiero-critico-della-societa-data-driven-2/,Comunicare i dati vs illustrare i numeri. Pensiero critico della società data-driven (2),CREATIVITÀ,29/05/2020,"10/06/2020, 12:36:07"
https://nova.ilsole24ore.com/infodata/come-sta-andando-il-contagio-in-umbria-lindicatore-rt-i-focolai-temporanei-e-ii-dati-spiegati-bene/,"Come sta andando il contagio in Umbria? L'indicatore Rt, i focolai temporanei e ii dati spiegati bene",CREATIVITÀ,29/05/2020,"10/06/2020, 12:36:07"
